模块,页面,功能,问题,严重度,状态,devlog,说明
"门户-AI语音面试","VoiceInterviewPage.vue","岗位选择（岗位模板回填）","config.position 初始化写死为「Java 后端开发」，导致 loadJobTemplates 里 `if (!config.value.position ...)` 恒为 false，首个模板回填分支永不执行；岗位模板实际名称为「初级 Java 开发工程师」等，下拉模型值不对应任何 option","P2","已修","v13.90","岗位写死导致模板回填永不执行 → 留空"
"门户-AI语音面试","VoiceInterviewPage.vue","报告-对话回放","reportTab 联合类型含 'dialog'，模板也实现了整块回放（提问/我的回答/点评），但 tab 按钮栏只渲染 概要/问题分析/追问预测/发展方向 四个，'dialog' 全页无任何赋值","P1","已订正","v13.80","守卫冻结的是**未实现的功能意图**，已按真实结构订正口径并写明理由"
"门户-AI语音面试","VoiceInterviewPage.vue","提交答案","submitting 在 `await whenTranscriptionDone()` 之后才置 true，等待转写期间「回答完毕」按钮仍是可点状态","P2","已修","v14.44","语音面试：submitting 提前置位（等待转写期间按钮可点会并发提交），并加在途防重与早退复位"
"门户-AI语音面试","VoiceInterviewPage.vue","设备检测与选设备","selectedInputId/selectedOutputId 只传给 startMicTest/playSpeakerTest，真实面试用的 useSpeechRecognition 走 getUserMedia({audio:true})、useSpeechSynthesis 无 sinkId 选项","P2","未修","-",""
"门户-AI语音面试","VoiceInterviewPage.vue","报告-下载 PDF","「📥 下载 PDF 报告」实际执行 window.print()，得到的是浏览器打印对话框而非文件下载","P2","已修","v14.44","语音面试报告：按钮与提示文案改为「打印 / 另存为 PDF」以匹配实际的 window.print() 行为（原写""下载 PDF 报告""误导）"
"门户-AI语音面试","VoiceInterviewPage.vue","薄弱题加入错题本","handleAddToWrongBook 既传 successToast:'已加入错题本' 又手动 toast.success('已加入错题本，可在错题本中复习')；批量入口循环调用且无 loading/防重复","P2","已修","v14.52","语音面试错题本：去掉重复提示（successToast 与手动 toast 二选一），批量入口加在途防重与逐题结果汇总提示（原连点会重复请求、逐题弹多条）"
"门户-AI语音面试","VoiceInterviewPage.vue","开始面试-会员门禁","benefitLeft 在权益未在 free 档配置时返回 null，被 `?? 0` 判定为「已用完」，与后端 @VipOnly 的真实额度判断不是同一事实来源","P2","已修","v14.44","语音面试：权益未在 free 档配置（benefitLeft 返回 null）不再被 ?? 0 当成""已用完""；仅显式 0 才提示用完，其余交由后端 @VipOnly 判定"
"门户-AI语音面试","VoiceInterviewPage.vue","开始面试-失败提示","run(() => startVoiceInterview(...), { errorToast: '开始失败' }) 会用固定文案覆盖后端 402 的会员引导 message","P2","已修","v14.17","useApiCall 改为业务错误优先服务端文案（client.ts 附 code），402 会员引导不再被通用 errorToast 覆盖"
"门户-AI语音面试","VoiceInterviewPage.vue","报告-六维示意","DimMeta.desc 定义了 6 条""按什么打分""说明，注释也声称""图例区逐维解释""，但模板只渲染 m.label 与分值","P3","未修","-",""
"门户-AI语音面试","VoiceInterviewPage.vue","报告-元信息","难度直接渲染后端枚举 interview.difficulty（medium/easy/hard），而准备页用 DIFFICULTY_LABEL 中文映射，回退文案还写成「中等」","P3","未修","-",""
"门户-AI语音面试","VoiceInterviewPage.vue","维度归一化","normalizeDimensions 兼容映射里 8 个中文键（回答相关性/专业度/结构完整性…）后端从不产出，后端固定输出 6 个英文 key","P3","未修","-",""
"门户-AI语音面试","VoiceInterviewPage.vue","分析进度轮询清理","pollAnalysisOnce 在 await 期间若组件卸载（stopAnalysisPolling 已复位），await 返回后仍会 `analysisPollHandle = setTimeout(...)` 续链","P3","未修","-",""
"门户-AI语音面试","VoiceInterviewPage.vue","时长制收尾","倒计时归零若提交走 onAborted（SSE 被服务端切断），timeUpPending 残留且无人消费","P3","未修","-",""
"门户-AI语音面试","VoiceInterviewPage.vue","面包屑/导航元素","全页无 Breadcrumb，注释却称""品牌/导航/面包屑由站点 Navbar 统一提供""，而 Layout 只渲染 Navbar 与 main，Navbar 内无面包屑","P3","未修","-",""
"门户-AI语音面试","VoiceInterviewPage.vue","未使用 import","`import { pollAiTask } from '@/api/aiTask'` 全页无任何调用","P3","未修","-",""
"门户-AI语音面试","VoiceInterviewPage.vue","过期""改动史""注释","「v11.88 V2：analysis 实时分析气泡已移除…」「token 分享…替代旧的需登录 ?id= 链接」「原前端硬编码 POSITION_OPTIONS 已删除」「原「岗位字典」portal_interview_position 已并入」等记录改动史/已废弃实现的注释","P3","未修","-",""
"门户-AI语音面试","VoiceInterviewPage.vue","历史报告入口 ?id=","route.query.id 未做数字校验即拼进 /portal/interview/voice/{id}，非数字不匹配后端的 {id:[0-9]+} 路由","P3","未修","-",""
"门户-AI语音面试","VoiceInterviewPage.vue","写死阈值-答题节奏","软提醒 90 秒、卡壳自动提示 30 秒、连续跳过 3 题、5 分钟无响应、噪声阈值 0.12 全部硬编码，20 分钟时长兜底也与后端同写一份","P3","未修","-",""
"门户-AI语音面试","VoiceInterviewPage.vue","写死阈值-评分档位","等级档位 80/70/60、低分题阈值 80、薄弱题 <80、cluster 标题阈值各写一处","P3","未修","-",""
"门户-AI语音面试","VoiceInterviewPage.vue","写死选项-难度与题量","难度选项文案（初级（应届/转行）/中级（1-3 年）/高级（3 年以上））与后台岗位模板（简单/中等/困难）不一致；题量 5/8/12/15 与后端默认 QUESTION_COUNT=8、后台模板默认 questionCount=5 成三套口径","P3","未修","-",""
"门户-AI语音面试","VoiceInterviewPage.vue","后台菜单与配置落点","后台已有【面试管理→语音面试】(menuId 30) 与【岗位模板】(menuId 31)，但本页写死的难度/题量选项、各计时与结束阈值在后台无配置落点","P3","未修","-",""
"门户-AI语音面试","VoiceInterviewPage.vue","分享报告","分享 URL 用 window.location.origin 拼硬编码 '/interview/share/'，并用 `(data as unknown as {data?:string})?.data` 双重拆包取 token","P3","未修","-",""
"门户-简历中心","ResumeEditPage.vue","导出 PDF 下载","后端 export 返回的 fileUrl 为 '/portal/interview/resume/user/file/{id}'，但整个后端不存在该 Mapping（全库仅此法字符串出现，无对应 @GetMapping），前端按该 URL 带 token 下载","P1","已修","v13.76","简历 PDF 下载接口缺失"
"门户-简历中心","ResumeEditPage.vue","简历评分","handleScore 先调 scoreResume（其内部已存档一条评分报告），紧接着调 saveScoreReport，而后端 /score-report 内部会再执行一次 scoreResume 并存档","P2","已修","v14.51","简历编辑：评分不再重复存档（scoreResume 内部已存档，且 /score-report 内部会再执行一次评分并存档 ⇒ 一次点击产生两条报告）；仅刷新报告列表"
"门户-简历中心","ResumeEditPage.vue","新建简历态切换","watch(route.params.id) 在 id 变空时只重置 form.id 与 form.title，educations/works/projects/skills/selfIntro 仍保留上一份简历内容","P2","已修","v14.51","简历编辑：切回新建态时清空 educations/works/projects/skills/selfIntro 与评分字段（原只重置 id/title，新建时残留上一份简历内容）"
"门户-简历中心","ResumeEditPage.vue","保存后评分/导出状态","后端 saveResume 更新时会清空 score/scoreDetail/scoredTime/fileUrl/exportTime，前端保存成功后未同步清空","P3","未修","-",""
"门户-简历中心","ResumeEditPage.vue","撤销按钮","handleUndo 只弹「请使用 Ctrl+Z 撤销输入」，未实现任何撤销逻辑","P3","未修","-",""
"门户-简历中心","ResumeEditPage.vue","必填校验","姓名/手机号码/电子邮箱均标了红色必填星号，但 doSave 只校验 title，后端 saveResume 也不做必填校验","P3","未修","-",""
"门户-简历中心","ResumeEditPage.vue","头像上传","uploadFile(file, { module: 'resume' }) 传的是 module，而后端 /portal/file/upload 只接收 businessType/businessId","P3","未修","-",""
"门户-简历中心","ResumeEditPage.vue","未使用 import","从 lucide-vue-next 导入的 Save、Download、Star、Code、XCircle 五个图标全页未使用","P3","已修","v14.00","移除未使用图标/类型导入（Save/Download/Star/Code/XCircle、X/RefreshCw、UserResumeScoreItem/ResumeOptimizeItem）"
"门户-简历中心","ResumeEditPage.vue","未使用函数与常量","scorePercent(item) 全页无调用；gradeStyle 定义后未在模板使用，注释却称""附件解析预览弹窗复用""（该弹窗为独立组件，有自己的样式）","P3","已修","v14.00","移除无调用的 scorePercent/gradeStyle（原注释称被弹窗复用，实际弹窗自带样式）"
"门户-简历中心","ResumeEditPage.vue","死 CSS",".re-assist-original/.re-assist-label/.re-assist-version*/.re-assist-reason/.re-assist-text/.re-assist-adopt-btn 与 .re-advice-study-btn 在本 SFC 模板中已无对应元素（v10.18 已抽离为 AIHelperDialog）","P3","不做","-","候选已人工复核成清单；批量删除需逐条确认（动态类名/`:deep()`/第三方类），列为**不做**（低价值高回归风险）"
"门户-简历中心","ResumeEditPage.vue","遗留异步解析链路","parsingTaskId/parsingMsg/pollParseTask/clearParseTaskQuery 与上传区「AI 解析中」UI、onBeforeRouteLeave 的解析中拦截，均已被 v13.38 同步""预览→确认""链路取代，仅能被旧 URL（?parseTaskId=）触发；且 pollParseTask 的 resumeId 兜底参数已无来源（后端 /parse 不再返回 resumeId）","P3","未修","-",""
"门户-简历中心","ResumeEditPage.vue","过期注释","文件头""对应 vue_resume_spec.md §五 + resume_optimizer_page.html page-resume-edit""两个文件已不存在；v13.38 注释称""② 规则解析毫秒级…不再依赖 AI 与轮询""但轮询代码仍在；""原 aiAdvice 弹窗已移除""、v10.23 变更史等记录改动史","P3","未修","-",""
"门户-简历中心","ResumeEditPage.vue","死 API 导出","api/interview.ts 的 getResumeAiAdvice 与 parseResumeAttachment 在全 portal 无任何调用；后者类型注释仍声明返回 resumeId，而后端 /parse 实际只返回 taskId/fileName/textLength","P3","未修","-",""
"门户-简历中心","ResumeEditPage.vue","写死-到岗时间兜底","AVAILABLE_TIME_FALLBACK 六项与字典 portal_available_time 的 label 完全一致，字典为空时前端兜底列表成为事实来源","P3","未修","-",""
"门户-简历中心","ResumeEditPage.vue","写死-技能熟练度","SKILL_LEVELS（了解/一般/熟练/精通）与 DEFAULT_LEVEL 写死在前端，无字典或后台配置；后端 SkillItem.level 注释同样硬编码同一组值","P3","未修","-",""
"门户-简历中心","ResumeEditPage.vue","写死-附件格式与大小","ACCEPT_EXTS/UPLOAD_MAX_SIZE 与后端常量重复定义（后端 10MB + pdf/doc/docx/txt/md）；且本页允许 .md，语音面试页的校验正则与 accept 不含 .md","P3","未修","-",""
"门户-简历中心","ResumeEditPage.vue","写死-完善度分母","完善度 percent 的分母 total 写死 7，与 sections 数组（同样 7 项）两处维护","P3","未修","-",""
"门户-简历中心","ResumeEditPage.vue","写死-优化项阈值","optimizeCount 的 85/70 阈值与语音面试报告的 80/70/60 档位各写一套，同为""简历/面试质量分档""","P3","未修","-",""
"门户-简历中心","ResumeEditPage.vue","写死-AI 版本标签","ASSIST_VERSION_LABELS 按索引硬绑 3 个版本（版本 1/2/3），后端 fieldAssist 返回条数不受前端约束","P3","未修","-",""
"门户-简历中心","ResumeEditPage.vue","后台菜单与配置落点","后台已有【简历模板】(menuId 25)、【简历解析配置】(menuId 397)、【字典管理】、【参数设置】，但本页展示的扩展名/大小限制、技能等级、完善度与优化阈值尚无后台落点","P3","未修","-",""
"门户-简历中心","ResumeEditPage.vue","历史附件预览","unverified：附件卡""预览""直接用后端存的 fileUrl（exportResumePdf 写库的是 /profile/upload/... 这类磁盘可访问路径），未经 /api 前缀，是否可达取决于部署是否同源代理 /profile，代码内无法确认","P3","未修","-",""
"门户-简历中心","ResumeEditPage.vue","到岗时间选项（computed 副作用）","availableTimeOptions 这个 computed 的 getter 内调用 ensureJobIntention()（会写 form.jobIntention），模板中 SectionCard 的 :status 也直接调用该函数","P3","未修","-",""
"门户-成长体系","UserPage.vue","成长值进度条","进度条分母写死「每级 100 成长值」（`base=(level-1)*100`、`required=100`），但后端等级阈值是非线性的 `LEVEL_THRESHOLDS={0,100,300,700,1500,3000,6000,10000,20000}`，且后端已返回 `nextLevelGrowth` 却未被使用。例：成长值 250（Lv2）前端算成 base=100、current=150 → 进度条 100% 满，真实下一级需 300（应为 50%）","P2","已修","v13.90","成长进度用后端 levelBaseGrowth/levelProgress"
"门户-成长体系","UserPage.vue","每日签到态回填","用 `new Date().toISOString().slice(0,10)`（UTC 日期）与后端 `lastCheckinDate`（LocalDate，服务器本地日期）做字符串相等比较","P2","已修","v13.93","签到时区误判 → 判定移到服务端 checkedInToday"
"门户-用户与账号","UserPage.vue","文章 Tab 分页列表","只请求 `pageNum:1, pageSize:10` 一次，`paginatedArticles` 永远只切第 1 页，模板里没有任何分页控件；`totalPages`（240 行）是死代码，后端返回的 `total` 也被丢弃","P2","已修","v14.09","个人页文章 Tab 改服务端分页 + 补 Pagination 控件（原只取第一页 10 条且无翻页）"
"门户-用户与账号","UserPage.vue","各 Tab 数据加载","所有加载函数（文章/收藏/答题/面经/简历/关注/徽章）统一 `console.warn` 后把数组置空，模板只区分「有数据/无数据」两态，没有 error 态与重试","P2","已修","v14.57","用户中心：各 Tab 加载失败统一 tabError 提示 + 重试（原先仅 console.warn、列表置空 ⇒ 与""暂无内容""同貌且无重试）"
"门户-用户与账号","UserPage.vue","页面加载态","`v-if=""!currentUser""` 是唯一的加载态，没有超时/失败分支：`loadUserData` 在 `!isAuthenticated` 时直接 return，`fetchCurrentUser` 失败会把 store user 置 null 但不抛错，于是 currentUser 永远为 null","P2","已修","v14.17","个人页补加载失败态 + 重试（原未登录/加载失败会永久停在""加载中...""）"
"门户-用户与账号","UserPage.vue","读者画像-地域分布","后端 `readerRegionTop10` 的 SQL 是 `GROUP BY v.ip ... LIMIT 10`，先取「访问量最大的 10 个 IP」再在 Controller 里把这 10 个 IP 聚合成省份；前端「全 34 省份热力 + Top10 排行」基于这份被截断的数据渲染","P2","已修","v14.53","读者画像地域分布：后端 SQL 去掉 `ORDER BY value DESC LIMIT 10`（原先先取访问量最大的 10 个 IP，再由 Controller 归并省份 ⇒「全 34 省份热力 + Top10 排行」基于被截断数据）；现基于全部 IP 归并省份，并注明体量增大时应把 IP→省份映射下沉到 SQL"
"门户-用户与账号","UserPage.vue","读者画像-性别/年龄段","性别桶（male/female/other/unknown）与年龄段桶（under_18...over_45）在页面里用 `genderLabelMap`/`ageRangeLabelMap` 写死；后台字典里只有 `sys_user_sex`（值为 0/1/2 男/女/未知），口径与前端字符串桶完全不同，年龄段无任何字典 | 后台改不了文案：运营想调「18-24 岁」这类展示文案、或后端新增桶时，前端会直接暴露英文 key（模板 1640/1669 有 ` | ","P3","未修","-",""
"门户-用户与账号","UserPage.vue","收藏 Tab 子分类","「书单收藏」「金句收藏」两个子 Tab 的加载函数里只留一句注释（457 行），模板是固定的「功能即将上线」占位（1858-1877），后台也没有对应接口","P3","未修","-",""
"门户-用户与账号","UserPage.vue","代码卫生","死代码与「记录改动史」注释：`userStats`/`UserStats` 类型仅赋值不渲染（126、294-302，注释自称「旧版用户统计（兼容，部分头部展示仍可能用到）」但模板零引用）；`totalPages`（240）无引用；多处注释带版本号（36、99、770、776、782、790、800、810、816、822、833、842、852、862、1178、1534）","P3","已修","v14.09","个人页文章 Tab 改服务端分页 + 补 Pagination 控件（原只取第一页 10 条且无翻页）"
"门户-用户与账号","UserPage.vue","创作日历","后端 `calendarHeatmap` 把 `create_time` 与 `update_time` 两组统计 `UNION ALL` 后求和，同一篇文章「创建当天 + 修改当天」被计为 2 次活动，前端 1474 行直接展示为「近 1 年共 N 次创作活动」","P3","未修","-",""
"门户-内容社区","PublishPage.vue","发布文章-分类","`resolveCategoryId()` 只接受纯数字分类 id；当 `/portal/category/public/tree` 返回空或异常时 `loadCategories` 会退化成 `data/categories.ts` 的语义 id（featured/prose/daily…），此时 `categoryId` 变成 `undefined` 被 JSON 丢弃，而后端 `ArticlePublishDTO.categoryId` 是 `@NotNull`","P1","已修","v13.74","分类/分页/排序参数口径"
"门户-内容社区","PublishPage.vue","SEO / 评论 / 权限设置","高级选项里的「SEO 标题/描述/关键词」（107-109、1526-1555）、「允许评论/评论需要审核」（119-120）、「可见性 public/private/password + 访问密码」（123-124）在 `saveDraft`(524-535) 与 `handlePublish`(618-633) 的提交体里一个都没带；后端 `ArticlePublishDTO` 也完全没有对应字段","P1","已修","v13.89","发布页 SEO 三字段端到端补齐"
"门户-内容社区","PublishPage.vue","保存草稿","`isSaving` 只在 `isAuto=true` 时置位（519-521），而手动保存按钮 `@click=""saveDraft(false)"" :disabled=""isSaving""`（1833）因此在保存期间始终可点；后端 `saveDraft` 是「先按 sessionToken 查、没有再 insert」的两步幂等（无 `@RepeatSubmit`），并发两次请求存在都查不到而各插一条的窗口","P2","已修","v14.48","发布页：手动保存也进入保存态（+在途防重），原 isSaving 只在自动保存时置位 ⇒ 手动保存期间按钮始终可点，与后端""先查再插""的两步幂等存在并发双插窗口"
"门户-内容社区","PublishPage.vue","顶部状态徽章","徽章三元表达式只识别 draft/pending，其余一律显示「已发布」+ 绿色；而 `articleStatus` 在编辑模式下直接取自 `article.status`（296），rejected/archived 都会落到最后一个分支","P2","已修","v14.48","发布页顶部状态徽章补齐 rejected/archived（原三元只识别 draft/pending，其余一律渲染成「已发布」+绿色，作者会误以为已上线）"
"门户-内容社区","PublishPage.vue","离开页面保护","`onBeforeRouteLeave` 只覆盖站内路由跳转，全站 `beforeunload`（main.ts:15-20）仅判断 AI 慢请求，不判断未保存的文章内容；注释却声称「覆盖面包屑跳转、浏览器后退等所有离开路径」（978）","P2","已修","v14.48","发布页：补浏览器级 beforeunload 离开保护（onMounted 注册/onUnmounted 注销），并订正""覆盖所有离开路径""的注释；原仅站内路由守卫，关标签/刷新会直接丢内容"
"门户-内容社区","PublishPage.vue","摘要自动截断","未填摘要时用 `content.value.substring(0, 200) + '...'` 直接截原始内容（624）；富文本模式下 `content` 是 HTML，截断会切在标签中间（如 `<p style=""color:#3b82f`），摘要随后被列表页/SEO 以纯文本展示","P2","已修","v13.97","摘要兜底复用 extractExcerpt"
"门户-内容社区","PublishPage.vue","发布 payload 与分支","`status: 'published'` 通过 `as any` 强塞进请求体，但后端 `ArticlePublishDTO` 没有 status 字段，Jackson 静默丢弃，真实状态由 Service 强制置 pending；628 行注释「后端会转为 pending」与事实不符。同时 `if (response.code === 200) … else toast.error(...)` 的 else 永远不会走到（client.ts 在 code!==200 时已 throw）","P3","已修","v14.34","发布页：移除硬塞的 status（DTO 无该字段，Jackson 静默丢弃；真实状态由服务端审核流程决定），去掉随之无必要的 as any 并订正误导注释"
"门户-内容社区","PublishPage.vue","版本历史入口","「版本历史」抽屉（668-817、1636-1821）只能从发布页底部按钮进入，后台无任何菜单/入口查看 portal_article_version 快照；后台也查不到某篇文章的历史版本与回滚记录","P3","未修","-",""
"门户-内容社区","PublishPage.vue","阈值与死变量","硬编码策略阈值：标题≥4 且≤80 字（591-594、1192）、内容≥50 字（599）、标签≤10（480）、封面≤500KB（908）、摘要≤200 字（1473）、阅读速度 400 字/分钟（231）；另有 `publishTime`（103 声明、263 赋值）在模板中零引用","P3","未修","-",""
"门户-内容社区","PublishPage.vue","注释卫生","「记录改动史」注释：280-281「注：已移除草稿自动保存。为避免用户中途放弃时产生难以清理的脏数据…」、608「v10.10 实名策略：发布不再强制创作者认证…」；另有 914-915、547、920、931 等解释现状的注释（这些应保留）","P3","未修","-",""
"门户-内容社区","ArticleDetailPage.vue","付费解锁全文","前端「付费解锁全文」按钮调用 `POST /portal/article/{id}/purchase`，后端最终走到 `toggleTipOrList`，而该方法对 `target_type='article_paid'` 直接抛 `BusinessException(""付费阅读功能正在接入支付通道，暂不可用"")`（占位代码未启用）；同时后台文章编辑表单（cms/article/edit.vue）没有 isPaid/price/previewLength 字段，无法把任何文章配成付费文章","P1","已修","v13.86","付费阅读未开通时按钮置灰（配置驱动）"
"门户-内容社区","ArticleDetailPage.vue","审核驳回原因展示","驳回原因渲染取 `article.remark`（886-887），但文章审核链路写入的是 `audit_remark`（`AuditContentAdapter` 306/309），而 `ArticleVO` 只有通用 `remark` 字段、没有 `auditRemark`；`BaseEntity.remark` 对文章从未被赋值为审核意见","P2","已修","v13.97","驳回原因字段（remark vs audit_remark）修正"
"门户-内容社区","ArticleDetailPage.vue","评论区计数","标题「评论 (N)」的 N 用 `totalCommentsCount` 前端累加已加载的评论+回复（192-204），完全忽略后端返回的 `total`；后端 `getCommentsByArticle` 明确返回 `{list,total,pageNum,pageSize,pages,hasMore}`","P2","已修","v13.93","评论数改用后端 total"
"门户-内容社区","ArticleDetailPage.vue","点赞 / 收藏","`handleLike`/`handleBookmark` 直接 `await store.likeArticleWithApi(...)` 并丢弃返回值；store 在接口失败时 catch 后返回 `{success:false, message}`（不抛出）","P2","已修","v13.97","点赞/收藏失败给出 toast"
"门户-内容社区","ArticleDetailPage.vue","广告位","页面使用 `slot-key=""article_detail_sidebar""`（1214）与 `article_detail_bottom`（1236），但后台广告管理的「广告位」是字典下拉，`portal_ad_slot_key` 目前只有 `home_xulin_ad`、`home_vip_banner` 两个值","P2","已修","v13.99","文章详情两个广告位登记进字典"
"门户-内容社区","ArticleDetailPage.vue","分享到微信/朋友圈","`copyLinkAndNotify` 里 `navigator.clipboard.writeText(url)` 没有 `await`（482），随后立即 `toast.success('链接已复制…')`；同一文件里 `copyLink`（425）是正确 await 的写法","P2","已修","v14.57","文章详情：copyLinkAndNotify 改为 async（原先未 await 就提示""链接已复制""，复制失败也报成功）"
"门户-内容社区","ArticleDetailPage.vue","分享数","分享按钮右侧展示 `article.shareCount`，`handleShare` 只调 `articleStore.shareArticle(id)` 做本地乐观 +1，而 store 是在 `articles` 列表里 `find(id)`（详情页的 `article.value` 不在该列表），后端也全站没有任何文章分享计数接口","P3","未修","-",""
"门户-内容社区","ArticleDetailPage.vue","加载更多评论","`loadMoreComments` 失败时只 `console.error` + 回退页码（694-696），没有 toast、没有内联错误提示","P3","未修","-",""
"门户-内容社区","ArticleDetailPage.vue","相关推荐参数","`getCategoryRecommendedArticles(category, { page: 1, pageSize: 12 }, 12)` 把页码写成 `page`，后端 `ArticleQuery` 继承 `PageDomain` 只认 `pageNum`，且 Controller 内部固定 `setPageNum(1)`、`setPageSize(limit)`，所以 `page`/`pageSize` 两个参数都被忽略","P3","未修","-",""
"门户-内容社区","ArticleDetailPage.vue","代码卫生","死代码：`sanitizedContent`（142，模板改用 MarkdownRenderer 后无引用）、`articleUpdateDate`（152-156，ArticleVO 根本没有 `updatedAt`，恒等于 createTime）、`head`（777 只接收返回值不使用）、`displayedComments`/`hasMoreComments`（158-159 对 ref 的无意义包裹）。改动史注释：640「之前 BUG：只调 API 不更新本地，导致点赞按钮""看起来没反应""」","P3","已修","v14.00","移除未使用的 sanitizeHTML 导入与 head 变量（useHead 调用保留）"
"门户-简历中心","ResumeOptimizePage.vue","优化历史条目跳转","使用 `router.push({ name: 'ResumeEdit' })`，但路由表中不存在名为 ResumeEdit 的路由（实际只有 interview-resume-editor-create / interview-resume-editor-edit）","P1","已修","v13.79","优化历史跳转改为路径 /interview/resume/edit/{id}，不再依赖不存在的路由名"
"门户-简历中心","ResumeOptimizePage.vue","评分报告存档弹窗","`openScoreReportDialog()` 定义后全文件无任何调用点，`scoreReportVisible` 恒为 false，ScoreReportDialog 永不展示；只有 `refreshScoreReports` 在 rescore 中被调用","P1","已修","v13.87","评分报告弹窗不可达 → 补入口"
"门户-简历中心","ResumeOptimizePage.vue","深度优化 VIP 门禁","前端只用 getVipStatus + benefitLeft 做提示，真正扣减依赖 `/deep/{resumeId}/{jobTargetId}/async` 的 @VipOnly；但通用任务接口 `POST /portal/ai/task/submit` 同样接受 taskType=deep_optimize（DeepOptimizeTaskHandler.TASK_TYPE 即该值），该接口未加 @VipOnly、不在 vip_api_registry 中，AiTaskService.submitTask 内部也无权益校验","P1","已修","v14.06","通用 AI 任务入口补会员权益门禁登记表：deep_optimize 与专用入口同口径（consume + 402）"
"门户-简历中心","ResumeOptimizePage.vue","就地预览（quickPreview）","`quickPreviewBaseResume` 首次加载后不再随 selectedResumeId 变化重置，watch(selectedResumeId) 也未清理 quickPreviewVisible/quickPreviewBaseResume","P2","已修","v13.94","切简历作废就地预览缓存"
"门户-简历中心","ResumeOptimizePage.vue","生成深度优化建议","`generateOptimize` 开头对 resumeId 与 targetId 做空值判断后直接 return（静默返回），无 toast、无跳转","P2","已修","v14.07","缺简历/岗位目标时给出明确提示（原静默 return）"
"门户-简历中心","ResumeOptimizePage.vue","异步任务轮询","`pollOptimizeTaskStatus` catch 内仅 console.warn 后继续每 4s 轮询，无最大失败次数、无总超时、无「任务超时」终态；而同一页 aiTask 的 pollAiTask 遇错即 reject，两条轮询路径策略不一致","P2","已修","v13.95","轮询治理：失败上限 + 总超时 + 终态提示 + 清 taskId"
"门户-简历中心","ResumeOptimizePage.vue","岗位默认设置","新建岗位表单（JobTargetForm）无「设为默认」控件，createJobTarget 从不提交 isDefault，后端 clearDefault 分支永不触发","P2","已修","v14.53","简历优化岗位：表单新增「设为默认岗位」并随 create/update 提交 isDefault（原表单无该控件，createJobTarget 从不提交，后端 clearDefault 分支永不触发；ResumeJobTarget 本就有 isDefault 字段）"
"门户-简历中心","ResumeOptimizePage.vue","岗位目标编辑","后端 PUT /portal/resume/optimize/job-target/{id} 与前端 updateJobTarget 均已具备，但工作台只提供新建与删除","P2","已修","v14.53","简历优化岗位：新增编辑入口（列表加编辑按钮 + openJobModalForEdit 回填 + 保存走 updateJobTarget），原工作台只有新建与删除，PUT 接口与前端方法均闲置"
"门户-简历中心","ResumeOptimizePage.vue","岗位类型枚举","`JOB_TYPE_OPTIONS = ['全职','兼职','实习','校招']` 写死在页面，字典库无对应 dictType；JobTargetForm 内置默认还是 ['全职','兼职','实习']","P3","未修","-",""
"门户-简历中心","ResumeOptimizePage.vue","匹配评级映射","页面 `gradeLabel`（excellent/good/medium/poor）与 JobMatchPanel 内置 DEFAULT_GRADE_LABEL 完全重复定义，且页面那份无调用方","P3","未修","-",""
"门户-简历中心","ResumeOptimizePage.vue","死代码（重复实现）","`SECTION_LABEL`/`sectionLabel`（757-767）与 `keywordsOf`/`dimRows`（1124-1137）无任何调用方，等价逻辑已在 JobMatchPanel.vue 与 OptimizeCompare.vue 中实现","P3","未修","-",""
"门户-简历中心","ResumeOptimizePage.vue","未使用 import","`scoreResume`（@/api/interview）、lucide 的 `X`、`RefreshCw` 引入后全文件无引用（portal.pages.json 亦标注 scoreResume 未使用）","P3","已修","v14.00","移除未使用图标/类型导入（Save/Download/Star/Code/XCircle、X/RefreshCw、UserResumeScoreItem/ResumeOptimizeItem）"
"门户-简历中心","ResumeOptimizePage.vue","单字段重新生成","`regenerateItem` 无「正在生成」互斥判断，连续点击两张建议卡的「重新生成」会并发请求并互相覆盖 regenTargetIdx / regenCandidates","P3","已修","v14.37","简历优化：单字段重新生成加互斥（regenLoading 在途拒绝）与过期响应校验（regenTargetIdx 变化则丢弃），原并发会互相覆盖候选版本"
"门户-简历中心","ResumeOptimizePage.vue","定时器清理","两处 `setTimeout(..., 500)`（匹配成功、深度优化成功后置位）未保存句柄，onUnmounted 只清理了 interval","P3","未修","-",""
"门户-简历中心","ResumeOptimizePage.vue","时间格式化","自实现 `formatHistoryTime` 输出 yyyy-MM-dd HH:mm，同页另一处时间用 @/utils/date 的 formatDate","P3","未修","-",""
"门户-简历中心","ResumeOptimizePage.vue","状态持久化","把完整 optimizeResult（整份建议列表）与 matchReport 写入 localStorage，无容量上限与主动清理，仅 2h TTL；写入失败被 catch 静默吞掉","P3","未修","-",""
"门户-简历中心","ResumeOptimizePage.vue","简历列表加载","`loadResumes` 固定 pageNum=1 pageSize=50，无分页或「加载更多」入口","P3","未修","-",""
"门户-简历中心","ResumeOptimizePage.vue","简历完整度","`completeness` 的 total=9 与 9 条待核对文案（label + why）全部写死在页面","P3","未修","-",""
"门户-简历中心","ResumeOptimizePage.vue","后台菜单与入口","portal_resume_job_target / portal_resume_score_report / portal_resume_optimize_history / portal_ai_task 四张业务表均无后台菜单与视图（admin.menus.json 仅「门户管理>简历管理>简历模板」cms/interview/resume/index，AI 侧只有 ai_execute_log）","P2","已修","v13.87","评分报告弹窗不可达 → 补入口"
"门户-简历中心","ResumeOptimizePage.vue","改动史注释","大量带版本号的改动史注释（v10.18/v10.19/v10.20/v10.21/v10.23/v11.x/v12.0）与本文件 403/412 两行重复的「STEP2 → STEP3：分析」区块标题","P3","未修","-",""
"门户-简历中心","ResumeOptimizePage.vue","过期/不必要注释","769 行「STEP5：预览保存（含完整度，参考熊猫简历）」与 1029 行「完整度（熊猫简历式：百分比 + 待核对清单）」引用竞品名，属实现来源说明而非必要注释","P3","未修","-",""
"门户-话题讨论","TopicDetailPage.vue","作者昵称与头像","前端按嵌套对象取 `topic.creator?.nickname/avatar`、`post.user?.nickname/avatar`、`comment.author?.nickname/avatar`，后端 VO 实际是扁平字段 creatorNickname/creatorAvatar、nickname/avatar、authorNickname/authorAvatar（无嵌套对象）","P1","已修","v13.74/v13.75/v13.80","话题/评论作者字段扁平化（原嵌套取不到）"
"门户-话题讨论","TopicDetailPage.vue","「回复 @xxx」提示","模板用 `v-if=""post.replyToUser""` 与 `post.replyToUser.nickname`，后端字段是字符串 replyToNickname；且 getPostsByTopic 只返回 parent_post_id IS NULL 的一级观点，楼中楼走评论接口","P2","已修","v13.74/v13.75/v13.80","话题/评论作者字段扁平化（原嵌套取不到）"
"门户-话题讨论","TopicDetailPage.vue","评论列表分页","loadComments 固定 pageNum=1 pageSize=10，返回的 total 只存不用，评论区无分页控件也无「加载更多」","P2","已修","v14.64","话题评论：支持「加载更多」（loadComments 增加 loadMore 分支，按页追加并按 id 去重，page/loadingMore 状态入 CommentState，追加载失败不清空已加载数据），模板在评论区末尾加「加载更多评论（还有 N 条）」按钮。原先固定 pageNum=1/pageSize=10、total 只存不用 ⇒ 评论超过 10 条后面的永远看不到"
"门户-话题讨论","TopicDetailPage.vue","切换话题时重置分页","组件实例复用（/topic/:id 路由参数变化）时只 watch(topicId) 调 loadAll，未把 postsPage 重置为 1","P2","已修","v13.93","切话题重置分页；去掉隐式 watch"
"门户-话题讨论","TopicDetailPage.vue","发表评论/回复","handleSubmitComment 与 handleSubmitReply 无提交中状态，按钮仅按内容非空禁用，连点可重复提交（仅靠后端 @RepeatSubmit 3s 兜底）","P3","已修","v14.37","话题详情：评论/回复按 targetType:targetId 加在途互斥并在 finally 释放，按钮合并 disabled 条件（原仅内容非空禁用，连点重复提交）"
"门户-话题讨论","TopicDetailPage.vue","删除观点按钮可见性","后端 deletePost 允许 作者 / 话题发起人 / admin 删除，前端按钮条件只有 `post.isOwner` 或 `isOwner` 满足其一，未含 admin","P3","未修","-",""
"门户-话题讨论","TopicDetailPage.vue","话题不可见提示","后端对 pending/rejected 话题仅创建者或 CMS 管理员可见（其他访客返回 null），前端统一提示「话题不存在或已被删除」","P3","未修","-",""
"门户-话题讨论","TopicDetailPage.vue","路由参数校验","topicId 直接取 `route.params.id`，未校验是否数字；后端话题详情映射为 /{id:[0-9]+}","P3","已修","v14.32","话题详情：非数字 id 前置判定为""不存在""，不再把非法值拼进后端 Long 路径变量"
"门户-话题讨论","TopicDetailPage.vue","缺少删除话题入口","后端 DELETE /portal/topic/{id} 与 api/topic.ts 的 deleteTopic 均存在，但全项目无人调用；详情页 owner 只有「编辑」按钮","P3","未修","-",""
"门户-话题讨论","TopicDetailPage.vue","点赞失败兜底","点赞接口 res.code===200 但 res.data 为空时不更新也不提示（catch 才有 toast）","P3","未修","-",""
"门户-话题讨论","TopicDetailPage.vue","冗余 async","`switchPostEditorMode`（72）与 `cancelReply`（438）声明为 async 但函数体内无 await，纯同步实现","P3","未修","-",""
"门户-话题讨论","TopicDetailPage.vue","状态枚举口径","后台已有数据字典 cms_topic_status，前端却在 src/utils/topicStatus.ts 单独写死一份 label 与颜色，并在详情页把 active 改写为「讨论中」","P3","未修","-",""
"门户-首页与导航","HomePage.vue","Hero 数据条「面试题库」","interviewTotalQuestions 为 0（接口失败或冷启动）时仍无条件渲染「{{interviewTotalQuestions}}+ 道精选面试题持续更新」标签与「0+ 道」数据条","P2","已修","v14.18","Hero 数据条与副标题：题库数为 0（接口失败/冷启动）时不再渲染""0+ 道"""
"门户-首页与导航","HomePage.vue","heroStats 统计口径","「入驻名家」用 authors.length（getAuthors(10) 限流最多 10）冒充总数并写死阈值 >=10；「热门话题标签」用 tags.length（getHotTags 默认 limit=20）冒充总数","P2","已修","v13.94","列表无总数时改 N+ 表达"
"门户-首页与导航","HomePage.vue","读书统计 / 精选好书","后端 /portal/reading/home 已返回真实 bookCount 与 bookListCount，前端忽略，改用当前页条数（books 截断 4 + bookLists 截断 3）求和，并把「书单」计入「本精选好书」","P2","已修","v13.94","首页书籍总数用后端真实 total"
"门户-内容社区","HomePage.vue","名家录与动态广场头像","列表渲染用昵称首字母当头像（author.avatar 取 nickname，为空时取 username，再 charAt(0)；feed 同法取 userNickname 首字符），丢弃接口已返回的 avatar / userAvatar 字段","P2","已修","v14.18","首页名家录与动态广场改用接口返回的 avatar/userAvatar（原一律用昵称首字母，丢弃真实头像）"
"门户-首页与导航","HomePage.vue","Hero 右侧「AI 简历诊断报告」示例卡","综合评分 75、内容匹配度 82%、关键词优化 68%、排版规范性 91%、两条建议文案、右上角「已完成」全部写死","P2","已订正","v14.26","该卡在源码注释与 UI 上均已明确标注「示例」（多维度智能分析 · 示例），属营销样例而非""把假数据当真实用户数据展示""，无需修改"
"门户-首页与导航","HomePage.vue","简历工坊宫格","「AI 简历评分」与「AI 简历优化」两个格子 path 均为 /interview/resume/optimize","P2","已修","v14.57","首页简历宫格：「AI 简历评分」改指向 /interview/my/resumes（原先与「AI 简历优化」同 path，评分入口永不可达）"
"门户-首页与导航","HomePage.vue","散文·技术笔记主题切换","分类树为空/失败时用写死的 `[{ id: '1', name: '散文' }]` 兜底渲染 Tab，点击会把写死的 rootCategoryId='1' 传给后端","P2","已修","v14.10","首页主题 Tab 与热门标签去掉写死兜底（假主题会把 rootCategoryId=1 传后端、假标签指向无数据页），改为中性提示"
"门户-首页与导航","HomePage.vue","热门话题标签兜底","标签接口为空时用写死的 文学/散文/随笔 三个假标签渲染，点击进入 /tag/文学 等无数据页","P2","已修","v13.94","列表无总数时改 N+ 表达"
"门户-首页与导航","HomePage.vue","散文精选列表空态","getThemeArticles 返回空数组时该区块只剩标题「散文精选」+ 空白栅格，无任何空态文案；mainDataError 仅在 latestArticles 为空时才会转成全局错误","P2","已修","v14.10","首页主题 Tab 与热门标签去掉写死兜底（假主题会把 rootCategoryId=1 传后端、假标签指向无数据页），改为中性提示"
"门户-首页与导航","HomePage.vue","分区静默失败","除 loadHomeData 外 8 个 section（分类/标签/名家/阅读/面试/模板数/排行榜/动态）全部只 console.error，无任何用户可见提示","P2","已修","v13.96","首页分区失败可见化 + 只重试失败分区"
"门户-首页与导航","HomePage.vue","SEO 与标题层级","同页出现两个 h1：Hero 主标题（487 行）与登录态问候语（667 行）","P3","未修","-",""
"门户-首页与导航","HomePage.vue","散文精选时间展示","直接渲染 `{{ article.createdAt }}`，而 ArticleVO.createdAt 序列化为 yyyy-MM-dd HH:mm:ss 全量日期时间，未走 formatDate","P3","已修","v14.10","首页主题 Tab 与热门标签去掉写死兜底（假主题会把 rootCategoryId=1 传后端、假标签指向无数据页），改为中性提示"
"门户-内容社区","HomePage.vue","动态事件文案枚举","getFeedActionText 用 switch 写死 publish_article/publish_experience/new_column/checkin/pass_question 五种文案，其余走「有了新动态」；getFeedTargetPath 同样写死 targetType→路径映射","P3","已修","v14.10","首页主题 Tab 与热门标签去掉写死兜底（假主题会把 rootCategoryId=1 传后端、假标签指向无数据页），改为中性提示"
"门户-首页与导航","HomePage.vue","后台配置入口缺失","Hero 文案、五大主线锚点（mainLines）、学习/简历宫格（learnTools/resumeTools）、示例卡分数、authors>=10 阈值全部硬编码；admin.menus.json 无任何「首页/装修」菜单","P2","已订正","v14.26","该卡在源码注释与 UI 上均已明确标注「示例」（多维度智能分析 · 示例），属营销样例而非""把假数据当真实用户数据展示""，无需修改"
"门户-首页与导航","HomePage.vue","未使用 import","lucide 的 `Book` 引入后全页无引用（BookOpen 才是实际使用项）","P3","已修","v14.00","移除未使用图标 Book（BookOpen 才是实际使用项）"
"门户-首页与导航","HomePage.vue","改动史注释","多处 V11.x 版本号注释记录改动史（含样式块标题）","P3","未修","-",""
"门户-首页与导航","HomePage.vue","作者 views 字段死数据","loadAuthors 映射了 views 字段但模板从未渲染（接口确有 views 返回）","P3","未修","-",""
"门户-阅读空间","ChapterReaderPage.vue","VIP 章节预览","前端按 chapter.isFree === false 渲染「VIP 章节当前为预览模式，完整内容需开通 VIP」横幅，但正文仍用 chapter.content／contentMarkdown 全量渲染；后端 PortalReadingController.getChapterDetail 对 VIP 章节不做任何门禁，注释自述「VIP 校验第四阶段实现」，服务层 selectChapterById 原样返回 content；后台章节管理页已可设置 isFree 与 price","P1","已修","v13.82","VIP 章节付费墙：非会员仅 500 字预览"
"门户-阅读空间","ChapterReaderPage.vue","章节进度显示","progressText 分子用 chapter.chapterNo（全局章节号），分母用 chapters.length（getBookChapterList 仅返回 isPublished=true 的章节），两处口径不同，存在未发布章节时分子会大于分母","P2","已修","v14.52","阅读器进度显示：分子改为""当前章节在已发布章节列表中的序号""（原分子用全局 chapterNo、分母用仅含已发布章节的 chapters.length ⇒ 有未发布章节时分子会大于分母）"
"门户-阅读空间","ChapterReaderPage.vue","上一章/下一章与已读完判定","nav 请求用 catch(() => null) 兜底，navResp 非 200 时 nav 置 null；isLastChapter 判据为 if (!nav?.next) return true，nav 为 null 即被当成最后一章","P2","已修","v14.52","阅读器""是否最后一章""：只有导航确实加载成功且无下一章才判定读完（原先 nav 请求失败被置 null 也满足 !nav?.next ⇒ 加载失败会误报""恭喜完成整本书""）"
"门户-阅读空间","ChapterReaderPage.vue","章节目录加载态","tocLoading 声明为 ref(false) 后全文件从未赋值，传入 ChapterToc 的 :loading 恒为 false（组件内 v-if=""loading"" 骨架永远不显示）","P3","未修","-",""
"门户-阅读空间","ChapterReaderPage.vue","类型导入","import type { Book, BookChapter, BookChapterNav, ReadingPreference } 中 ReadingPreference 在页面内无任何实际引用（仅第 88 行注释提到该词）","P3","未修","-",""
"门户-阅读空间","ChapterReaderPage.vue","目录按钮状态","顶栏「目录」按钮的激活样式统一取 desktopTocVisible，但 toggleToc 在 <1024px 时操作的是抽屉 tocVisible；移动端抽屉关闭时按钮仍按桌面偏好显示为已激活（蓝底白字）","P3","未修","-",""
"门户-阅读空间","ChapterReaderPage.vue","注释卫生","第 409 行「// 修复 v1.1.1：改用""距底部距离""判断末页，与 scroll 模式 onScroll 一致」、第 1067 行「/* ===== v1.1 分页阅读模式 ===== */」属记录改动史与版本号的注释","P3","未修","-",""
"门户-阅读空间","ChapterReaderPage.vue","键盘翻页","window 上的 keydown 处理只排除了 input／textarea，未判断阅读设置面板 settingsVisible 或移动端目录抽屉 tocVisible 是否打开","P3","未修","-",""
"门户-阅读空间","ChapterReaderPage.vue","路由参数兜底","只校验 chapterId 是否为空，未校验格式；非数字章节号（如 /reading/book/1/chapter/abc）会直接拼进后端 Long 路径变量，由后端抛参数转换异常","P3","未修","-",""
"门户-消息通知","MessagesPage.vue","私信会话列表预览","sessionLastPreview 读 session.lastMessage 与 session.lastContent，但后端 MessageSessionVO 只返回 lastMessageContent（mapper resultMap 亦为 last_message_content），前端这两个字段恒为 undefined，前端类型定义里也缺少 lastMessageContent","P1","已修","v13.74","会话最后一条消息字段"
"门户-消息通知","MessagesPage.vue","待办 Tab 列表","loadTodos 传 { pageNum: 1, pageSize: 50, type: 'todo' as any }，但 PortalNotificationController.list 只用 PageUtils.buildPage(query) 取分页，service.selectUserNotifications(page, userId, userType) 完全忽略 NotificationQuery.type，最终走 selectAllByUserId（无 type 过滤）","P1","已修","v14.02","待办 Tab：后端补齐 type 过滤（selectAllByUserId 增加 type/excludeTodo）"
"门户-消息通知","MessagesPage.vue","通知 Tab 未读口径","/portal/notification/list 走 selectAllByUserId，条件是 scope='user' 或 scope='all' 且不过滤 type，因此通知 Tab 会同时列出公告 Tab 的广播项和待办 Tab 的 type='todo' 项；而未读数 countUnreadByUserId 明确排除 scope='all' 与 type='todo'","P2","已修","v14.02","待办 Tab：后端补齐 type 过滤（selectAllByUserId 增加 type/excludeTodo）"
"门户-消息通知","MessagesPage.vue","支付通知全部已读","markAllPayRead 只对已加载的 payNotifs 逐条调用 payApi.markNotificationRead，成功后直接 messageStore.clearPayUnread() 清零角标；后端无批量已读接口，分页未加载的旧通知仍为未读","P2","已修","v13.94","全部已读改服务端批量接口"
"门户-消息通知","MessagesPage.vue","支付通知详情","支付通知卡片内容用 line-clamp-2 截断，点击卡片只触发 markPayRead，没有详情弹窗（通知与公告都有弹窗）","P2","已修","v13.99","支付通知补详情弹窗"
"门户-消息通知","MessagesPage.vue","Tab 深链兜底","activeTab 直接取 route.query.tab，模板只覆盖 notification／pay／todo／message／announcement 五个分支，其它取值（如 ?tab=xxx）不匹配任何 v-if／v-else-if","P2","已修","v14.54","消息页：Tab 深链收敛到合法集合（非法 ?tab=xxx 原会不匹配任何 v-if/v-else-if ⇒ 空白内容区且 Tab 高亮缺失），非法值落回默认 Tab"
"门户-消息通知","MessagesPage.vue","通知详情跳转","notificationDataText 把 data 解析成「业务类型：article，业务ID：2」这类调试式文本直接展示，页面对 bizType／id 不做任何路由跳转","P2","已修","v14.54","消息页：通知详情把 bizType 显示为可读业务名并新增「查看详情」按 bizType 跳转（原先直接展示""业务类型：article，业务ID：2""且完全不跳转）"
"门户-消息通知","MessagesPage.vue","通知/公告/会话列表分页","loadNotifications、loadAnnouncements、loadSessions 均固定 pageSize: 50 且无翻页或「加载更多」控件，类型筛选也只是对已加载的 50 条做本地 filter","P2","已修","v13.94","全部已读改服务端批量接口"
"门户-消息通知","MessagesPage.vue","弹窗键盘可访问性","两个详情弹窗通过容器上的 @keydown.esc.prevent 关闭，但容器没有 tabindex，未聚焦时收不到键盘事件，也未在 document／window 上注册监听","P3","未修","-",""
"门户-消息通知","MessagesPage.vue","游客 Tab 门禁","Tab 按钮用 v-if=""isAuthenticated"" 隐藏了通知／支付／私信，但 activeTab 初值来自 query，游客带 ?tab=notification 深链时仍会渲染空的通知面板","P3","未修","-",""
"门户-消息通知","MessagesPage.vue","通知类型枚举","前台 notifFilterOptions／announcementFilterOptions／getNotifIcon／getNotifIconColor／getPayIcon／getPayIconColor 全部硬编码类型与颜色；后台 moyun-admin-vue/src/views/system/notification/index.vue 又各自硬编码一份文案与标签色，且后台选项缺 todo、前台缺少 order 的筛选入口","P3","未修","-",""
"门户-消息通知","MessagesPage.vue","页脚","页面结构只有面包屑、内容区与弹窗，未引入 SiteFooter，而同站列表类页面（如 MyColumnsPage）均在底部渲染页脚","P3","未修","-",""
"门户-消息通知","MessagesPage.vue","聊天容器高度","聊天模式容器写死 height: calc(100vh - 60px)，用魔法数字对齐顶部条高度","P3","未修","-",""
"门户-消息通知","MessagesPage.vue","待办全部已读","markAllTodoRead 用 Promise.all 对每条待办各发一个 POST /portal/notification/{id}/read，失败被 .catch(() => null) 吞掉后仍把所有条目置为已读","P3","已修","v13.94","全部已读改服务端批量接口"
"门户-消息通知","MessagesPage.vue","注释卫生","「// ============ 支付通知相关（V11.3：整合进消息中心） ============」「消息中心支付通知 Tab（V11.3 整合进消息中心）」等注释记录了改版版本号","P3","已修","v13.99","支付通知补详情弹窗"
"门户-学习工具","CodingPracticePage.vue","提交判题（异步）","页面只调 submitJudge 后直接展示返回值；后端在 moyun.judge.async-enabled=true 时返回 status=PENDING 与 submissionId，需要前端轮询 GET /portal/judge/result/{submissionId} 才能拿到终态，而页面没有任何轮询逻辑（api/judge.ts 已导出 getJudgeResult 却无人调用）","P1","已修","v13.71","异步判题轮询已实现（getJudgeResult + JUDGE_IN_PROGRESS 状态集）"
"门户-学习工具","CodingPracticePage.vue","提交记录 Tab","提交记录数据源 submissionHistory 只是组件内 ref，仅 handleSubmit 时 unshift，刷新或切题即清空；而题目详情接口 /portal/interview/question/{id} 已返回当前用户最近 10 条 mySubmissions（含状态、用时、内存等）","P2","已修","v14.49","编程练习：提交记录改用题目详情自带的 mySubmissions 回填（原仅本页内存，刷新/切题即空）"
"门户-学习工具","CodingPracticePage.vue","判题结果样例回填","caseDisplays 用 sampleCases.find(tc => tc.orderNum === cr.caseIndex) 匹配样例，但 caseIndex 是判题引擎按用例列表生成的 1 起执行序号（ProcessJudgeEngine 用 i+1），orderNum 是用例表自身的排序字段，两者口径不同","P2","已修","v14.49","编程练习：样例回填改为按执行序号位置对齐（caseIndex 是判题引擎 1 起执行序号，orderNum 是用例表排序字段，原按 orderNum 匹配会回填错样例）"
"门户-学习工具","CodingPracticePage.vue","窄屏/移动端布局","页面根容器固定 height: calc(100vh - 56px) 且 .coding-practice-page{overflow:hidden}，左右两栏分别 min-width:320px 与 400px，没有横向滚动也没有上下堆叠","P2","已修","v14.44","编程练习：加 <1024px 响应式（解除固定视口高度与裁切、两栏纵向堆叠、宽度自适应）；原固定高度 + overflow:hidden + 两栏 min-width 导致小屏右侧编辑器被裁且无法滚动"
"门户-学习工具","CodingPracticePage.vue","切题加载竞态","loadQuestion／loadNeighbor／loadSampleCases 都没有请求序号或取消机制（对比 ChapterReaderPage 的 loadSeq 守卫），快速连点「上一题／下一题」或浏览器前进后退时多个请求并行","P2","已修","v14.44","编程练习：loadQuestion/loadSampleCases/loadNeighbor 加请求序号与题号失效校验（原无守卫，连点上下题时旧响应覆盖新题面与样例）"
"门户-学习工具","CodingPracticePage.vue","未登录门禁","路由 /learn/practice/coding/:id 标注 isPublic: true，游客可进入并编辑代码，但判题接口要求登录（PortalJudgeServiceImpl 在 userId 为空时抛「请登录后提交」），页面没有任何登录判断或跳转","P2","已修","v14.49","编程练习：提交前加登录门禁并带 redirect（路由标 isPublic 游客可浏览，但判题接口要求登录，原游客写完代码才被后端拒绝）"
"门户-学习工具","CodingPracticePage.vue","TypeScript 模板","CODE_TEMPLATES.typescript 使用 require('fs') 与 process.exit，而判题机以 tsc --target ES2020 --module CommonJS --skipLibCheck 编译且未声明 node 类型；若判题镜像未安装 @types/node，tsc 会报 TS2580 并非 0 退出，被判为编译错误（CE）——此结论依赖镜像内容，标记 unverified","P2","已修","v14.19","TS 模板补最小环境声明（declare require/process）：判题机 tsc 未装 @types/node，原模板直接 TS2580 编译失败；已用判题机同参数实测编译通过并跑通样例"
"门户-学习工具","CodingPracticePage.vue","切题后计时","route.params.id 变化时重置了 question／sampleCases／judgeResult／submissionHistory／codeByLang／activeTab，但没有重置 elapsed，计时器从首次进入持续累加","P3","已修","v14.49","编程练习：提交记录改用题目详情自带的 mySubmissions 回填（原仅本页内存，刷新/切题即空）"
"门户-学习工具","CodingPracticePage.vue","语言下拉","LANGUAGE_OPTIONS 固定列出 7 种语言，后端 LanguageRuntime.typescript() 注释明确「若生产环境无 typescript 工具链，则该语言不可用，前端应在语言列表中过滤」，但既无可用语言接口也无前端过滤逻辑","P3","未修","-",""
"门户-学习工具","CodingPracticePage.vue","难度标签","DIFFICULTY_MAP 硬编码 easy／medium／hard 的中文与颜色，而系统已存在数据字典 portal_question_difficulty（含 easy／medium／hard 三条）","P3","未修","-",""
"门户-学习工具","CodingPracticePage.vue","冗余计算属性","displaySampleCases 只是 computed(() => sampleCases.value) 的原样透传，模板中两处使用均无额外加工","P3","未修","-",""
"门户-学习工具","CodingPracticePage.vue","判题结果面板高度","结果面板外层用 max-height: 40%，内层滚动区用 max-height: calc(40vh - 44px)，两种单位混用且 44px 为猜测的头部高度","P3","未修","-",""
"门户-学习工具","CodingPracticePage.vue","运行按钮文案","运行按钮在加载态显示「判题中」（{{ isRunning ? '判题中' : '运行' }}），与提交按钮的「提交中」语义混用","P3","未修","-",""
"门户-学习工具","CodingPracticePage.vue","注释卫生","文件头注释记录版本演进与实现清单（「编程题做题页（v10.6 阶段3 → v10.7 接入真实 OJ 判题）」「7 语言全支持」等）","P3","未修","-",""
"门户-学习工具","CodingPracticePage.vue","后台菜单入口","判题用例管理页（views/cms/interview/testCase/index.vue）在后端菜单表中没有对应记录，只能从题库管理列表页的按钮 router.push('/cms/interview/testCase/:questionId') 进入，路由也未在菜单树暴露","P3","未修","-",""
"门户-支付与钱包","WalletPage.vue","绑定银行卡（表单字段）","bindForm 只采集 holderName/cardNo/phone/bankName/smsCode，从不采集也不提交 certNo；后端 bind 取 body.get(""certNo"") 后走「未提供身份证号→四要素核验不发起→verifyStatus=PENDING」分支，卡永远落 PENDING","P0","已修","v13.71","银行卡证件号字段名不一致导致提交失败"
"门户-支付与钱包","WalletPage.vue","后台银行卡核实入口（E）","后台「收入管理→用户银行卡」只有 list/detail 两个只读接口，页面只有核验状态筛选与展示，没有任何把 PENDING 置为 VERIFIED 的接口或按钮；前端也不提供补录实名的入口","P1","已修","v13.71","银行卡证件号字段名不一致导致提交失败"
"门户-支付与钱包","WalletPage.vue","提现状态展示","withdrawStatusLabel 只映射 auditing/paid/rejected，后端 WithdrawOrder 状态机是 auditing→paying→paid 与 auditing→rejected 四值，'paying' 无映射；且""说明""列对非 rejected/paid 一律渲染「等待平台审核」","P1","已修","v13.81","提现状态补 paying（打款中）；状态映射与后端四值状态机对齐"
"门户-支付与钱包","WalletPage.vue","提现申请失败提示","后端 withdrawOrderService.apply 抛的是 com.moyun.core.mvc.handler.BusinessException（仅继承 RuntimeException），全局异常处理器只对 ServiceException 透出 message，其余运行时异常统一返回「操作失败，请稍后重试」；该异常的 getMessage() 还被覆写为 ""[code] message"" 而 errorCode/errorMessage 从未赋值","P1","已修","v13.76","业务异常统一由 GlobalExceptionHandler 呈现（原消息被吞）"
"门户-支付与钱包","WalletPage.vue","可用余额口径","页面把后端 balance 直接标为""可用余额""并用它做提现上限校验，但后端可用余额是 balance - frozen_amount（审核中的提现单已冻结），且账户总览已返回 auditingAmount 供展示，前端类型与页面均未使用","P2","已修","v14.23","资金口径：后端总览下发 availableBalance(=balance-frozen)与 frozenAmount，前端展示与提现上限校验改用可用余额（原把 balance 当可用余额，与后端校验口径不一致）"
"门户-支付与钱包","WalletPage.vue","统计卡「绑定银行卡」与 Tab 角标","bankCards 只在切到「银行卡」或「提现」Tab 时才加载（onMounted 仅拉 overview+ledger），统计卡与 Tab 角标直接渲染 bankCards.length","P2","已修","v14.55","钱包：首屏一并加载银行卡列表（统计卡「绑定银行卡」与 Tab 角标渲染 bankCards.length，原只在切 Tab 时才加载 ⇒ 首屏恒 0 张、角标不出现）"
"门户-支付与钱包","WalletPage.vue","流水/提现「加载更多」","loadMoreLedger/loadMoreWithdraw 先把 current+1 再请求，失败只是 toast，页码不回滚","P2","已修","v14.07","流水/提现""加载更多""失败回滚页码，避免重试跳页"
"门户-支付与钱包","WalletPage.vue","提现额度校验与阈值来源（D）","前端只校验 amount>0 与 amount<=balance，最小 1 元/最大 50000 元只存在于后端硬编码常量中，未落 sys_config；也未提示单笔上限","P2","已修","v14.22","提现额度改为配置驱动（PayProperties.payout.withdrawMin/Max，默认 1/50000），服务端读配置、账户总览下发，前端提示并前置校验（原后端硬编码、前端不知上限）"
"门户-支付与钱包","WalletPage.vue","流水类型标签（D）","bizTypeLabel 硬编码 {tip,withdraw,member}，其中 member 后端从不产出（VIP 记账 bizType 为 vip 且平台分录 userId=0 不进用户流水）；后台已注册字典类型 portal_wallet_txn_type 却无任何字典项","P2","已修","v13.92","钱包流水类型改字典驱动；修正 member→vip 从未命中的分支"
"门户-支付与钱包","WalletPage.vue","银行卡空态文案","空态副文案写「绑定后可发起余额提现（打款功能即将开放）」，与同页已上线的提现表单（申请提现/提现记录/提现审核菜单）自相矛盾","P2","已修","v14.55","钱包：银行卡空态副文案改为与已上线的提现表单/提现记录/后台提现审核一致（原文案称""打款功能即将开放""自相矛盾）"
"门户-支付与钱包","WalletPage.vue","银行卡核验状态展示","前端只区分 verifyStatus==='VERIFIED' 与其它，REJECTED（四要素不一致）也被渲染成""待核实""","P3","已修","v14.34","钱包：银行卡核验改三态（已核实/核验未通过/待核实），原 REJECTED 被渲染成""待核实"""
"门户-支付与钱包","WalletPage.vue","短信验证码倒计时","smsTimer 的 setInterval 只在倒计时自然归零时清除，组件卸载（切换路由）时不清理，页面未 import onUnmounted","P3","未修","-",""
"门户-支付与钱包","WalletPage.vue","短信文案与冷却常量（D）","前端写死 60s 冷却与「5 分钟内有效」，实际取自 moyun.sms.send-interval-seconds=60、code-expire-minutes=5 的后端默认值","P3","未修","-",""
"门户-支付与钱包","WalletPage.vue","删除银行卡后的提现表单","handleDeleteCard 只刷新卡列表，不重置 withdrawForm.bankCardId；被删卡的 id 仍留在表单里","P3","未修","-",""
"门户-支付与钱包","WalletPage.vue","流水「本页收入合计」","合计由前端对已加载流水自行求和（loadedCreditTotal），""加载更多""后会累计全部已加载页，但标签固定写「本页收入合计」，且与统计卡「累计收入」并存易混","P3","已修","v14.07","流水/提现""加载更多""失败回滚页码，避免重试跳页"
"门户-支付与钱包","WalletPage.vue","过期改动史注释（F）","4 处仅记录版本史的注释：「// 短信验证码（V11.1）」「// 提现（v11.79 提现闭环）」「// ===== 提现（v11.79） =====」「<!-- 提现（v11.79 提现闭环） -->」，未解释""为什么这样写""","P3","未修","-",""
"门户-支付与钱包","WalletPage.vue","桌面表格响应式","流水与提现表格为 5-6 列且大量 whitespace-nowrap，外层没有 overflow-x-auto 容器（仅 sm 以上显示）","P3","未修","-",""
"门户-支付与钱包","WalletPage.vue","绑卡数量上限提示","前端未提示绑卡上限，达到上限只能等后端抛 IllegalStateException（且被全局兜底吞成通用文案）；上限值来自 PayProperties 默认 5，无配置项暴露","P3","未修","-",""
"门户-用户与账号","CreatorCertificationPage.vue","加载我的认证状态","loadMy 的 catch 只 console.warn 静默（注释称由路由守卫负责），失败后 current 保持 null，页面直接渲染空白申请表","P2","已修","v14.10","认证状态加载失败不再静默：记录可见错误（原会渲染空白申请表，易重复提交）"
"门户-用户与账号","CreatorCertificationPage.vue","被驳回后重新提交","canApply 为 true 时渲染申请表，但 form 始终是空初始化值，loadMy 不回填；两张证件照预览（certImageFrontPreview/BackPreview）也不从记录里恢复","P2","已修","v14.10","认证状态加载失败不再静默：记录可见错误（原会渲染空白申请表，易重复提交）"
"门户-用户与账号","CreatorCertificationPage.vue","OCR 自动识别回填","后端 OcrServiceImpl 的厂商 SDK 未接入（代码里为 todo 注释块），任何请求都返回 success=false + ""OCR 服务未接入，请手动填写""，前端仍展示「OCR 自动识别」按钮并承诺「上传正面后自动触发，识别结果可手动修改」","P2","已修","v14.55","创作者认证：OCR 处理处注明后端 SDK 尚未接入（恒返回 success=false + ""OCR 服务未接入，请手动填写""），不再让代码注释与产品承诺不一致"
"门户-用户与账号","CreatorCertificationPage.vue","redirect 回跳","creatorPermission.ts 跳转认证页时携带 query.redirect=原路径（打赏/积分兑换等被拦截的操作），但页面从未 import useRoute，更未读取 redirect；goBack 只用 history.back 或 /user","P2","已修","v14.55","创作者认证：读取 ?redirect 并在 goBack 时优先回跳原被拦截操作（creatorPermission.ts 会带该参数），原页面从不读 route.query"
"门户-用户与账号","CreatorCertificationPage.vue","时间展示（C）","createdTime/auditedTime/derivedBirth 直接插值渲染，后端 LocalDateTime 以 ISO 串下发（如 2025-01-02T10:00:00），页面未使用 utils/date 的 formatDate","P3","未修","-",""
"门户-用户与账号","CreatorCertificationPage.vue","状态徽章文案","状态卡里除中文状态名外还直接渲染原始枚举 `{{ current.status }}`（pending/rejected），statusLabel 也是本地硬编码 switch","P3","未修","-",""
"门户-用户与账号","CreatorCertificationPage.vue","审核时限文案（D）","「平台将在 1-3 个工作日内完成审核」写死在模板中，无 sys_config/字典来源","P3","未修","-",""
"门户-用户与账号","CreatorCertificationPage.vue","上传限制与格式文案","5MB 上限在 3 处硬编码，提示文案写「支持 JPG、PNG 格式」，但 accept=""image/*"" 且后端白名单实际允许 jpg/jpeg/png/gif/webp/bmp，multipart 上限 50MB","P3","未修","-",""
"门户-用户与账号","CreatorCertificationPage.vue","提交按钮竞态","handleSubmit 只用 submitting 防重，未校验 uploading/ocrLoading；图片上传（含 OCR）进行中「提交申请」仍可点击","P3","已修","v14.37","创作者认证：上传或 OCR 进行中禁止提交（原只防 submitting，会把未回填的半成品提交）"
"门户-用户与账号","CreatorCertificationPage.vue","认证类型枚举（D）","certType 取值 identity/creator/expert 在 api/certification.ts 常量、后台 cms/certification/index.vue 的下拉与 map、后端实体注释三处各写一份，无字典可维护","P3","未修","-",""
"门户-用户与账号","CreatorCertificationPage.vue","非身份类型必填校验","前端对非 identity 类型强制要求上传证件照（certImage），后端只对 identity 校验 certNo 与双面照片，creator/expert 无照片也受理","P3","未修","-",""
"门户-用户与账号","CreatorCertificationPage.vue","证件类型下拉文案","option 文案已是「{{opt.label}} - {{opt.desc}}」，下方提示又单独渲染 currentCertType.desc，同一段说明紧邻重复两次","P3","未修","-",""
"门户-用户与账号","CreatorCertificationPage.vue","过期/不准确注释（F）","「// 调用 OCR 接口识别身份证正面信息（当前后端为 STUB，未返回真实数据）」与「// STUB 阶段会落入此处，提示用户当前 OCR 未启用」：后端并非返回空数据的 STUB，而是显式拒绝（SDK 未接入），且注释把""厂商 SDK 未接入""简写成 STUB，易误导后续维护","P3","已修","v14.55","创作者认证：OCR 处理处注明后端 SDK 尚未接入（恒返回 success=false + ""OCR 服务未接入，请手动填写""），不再让代码注释与产品承诺不一致"
"门户-学习工具","QuestionDetailPage.vue","阅读埋点（未登录场景）","停留 60s 后定时调用 recordQuestionRead；该接口非 @Anonymous，未登录会返回 401，客户端 401 处理会主动弹出「登录已过期/请先登录」确认弹窗，而代码注释声称""未登录/失败静默，不打扰阅读体验""","P2","已修","v14.07","未登录不触发阅读埋点（原会 401 并弹全局登录失效确认框）"
"门户-学习工具","QuestionDetailPage.vue","切题竞态","loadQuestionDetail/loadFeaturedNotes/loadNeighbor 都是无请求序号、无取消的 fire-and-forget，响应回来即无条件覆盖 question/featuredNotes/neighbor","P2","已修","v14.37","题目详情：精选笔记与相邻导航按题号校验过期响应（fire-and-forget 慢响应不再覆盖新题）"
"门户-学习工具","QuestionDetailPage.vue","选择题答案解析（阅读模式）","correctLabels 解析后端下发的 correctAnswer，模板在题干选项区就把正确项标绿打勾（未作答即可见）；后端注释确认这是有意为之（详情页即""直接查看模式""）","P2","未修","-",""
"门户-学习工具","QuestionDetailPage.vue","题型字典（D）","页面已按字典驱动写法取 portal_question_type，但该字典类型仅在字典表注册、后台无任何字典项（admin.dicts.json 中该类型 0 条），实际展示全靠本地 DEFAULT_QUESTION_TYPE_MAP 硬编码；portal_question_difficulty 有字典项但未配置 listClass，颜色同样只能走本地","P2","已修","v13.92","题型字典补数据（页面早已字典驱动，自动生效）"
"门户-学习工具","QuestionDetailPage.vue","字段完整性（C）","详情接口下发了 mySubmissions（最近 10 条作答）、attemptStatus、knowledgeTags、tagList，页面只用了 tags/companies 等，未展示""我的作答记录/作答状态/知识点""","P3","未修","-",""
"门户-学习工具","QuestionDetailPage.vue","加载失败兜底","详情加载失败只 toast，question 保持 null，模板落入""未找到题目信息""分支，除「返回题库」外没有重试入口；与真正的 404 无法区分","P3","已修","v14.33","题目详情：新增 detailError，加载失败与""题目不存在""区分并在原分支提供重试"
"门户-学习工具","QuestionDetailPage.vue","通过率/提交次数展示","头部固定展示「通过率 {{acceptanceRate}}%」「{{submissionCount}} 次提交」，而 reading 模式题目后端建题时 acceptanceRate 默认置 0、无判分提交","P3","未修","-",""
"门户-学习工具","QuestionDetailPage.vue","前置题目入口","前置题目从 prerequisiteIds 渲染成 router-link 到 /interview/question/{pid}，不带任何筛选上下文，标签只显示「题目 #{{pid}}」而非标题","P3","未修","-",""
"门户-学习工具","QuestionDetailPage.vue","过期/错位注释（F）","模板注释写「<!-- 快速导航提示 -->」，但其下渲染的区块标题是「学习建议」；同区块第 5 条文案「今日首次阅读本题已记入成长时间线」对匿名访客不成立（埋点不上报）","P3","未修","-",""
"门户-学习工具","QuestionListPage.vue","题目分类筛选","分类选中态类型不一致：`activeCategoryId` 从 URL 初始化为 **字符串**（`route.query.categoryId`），而接口返回的分类 id 是 **数字**，模板用 `activeCategoryId === cat.id` 严格比较，从带 `?categoryId=3` 的链接进入时侧边栏「题目分类」不高亮（query 参数本身能正常下发后端）","P2","已修","v13.74","分类/分页/排序参数口径"
"门户-学习工具","QuestionListPage.vue","题型筛选（算法/八股/系统设计/项目/HR）","字典 `portal_question_type` 只有字典**类型**没有字典**项**（admin.dicts.json 数据段仅含 `portal_question_difficulty` 三类；SQL 只 INSERT 了 dict_type 行），且后台题库表单（`cms/interview/question/index.vue`）只有 practiceMode(reading/choice/coding)，**没有 questionType 字段**，管理员既无法维护题型、也无法给题目打题型，接口按 `question_type` 精确过滤后大概率为空","P2","已修","v13.92","题型字典补数据（页面早已字典驱动，自动生效）"
"门户-学习工具","QuestionListPage.vue","筛选/翻页加载","竞态无保护：`watch([...])` 每次筛选变化立即 `loadQuestions()`，函数内既无请求序号守卫也无 AbortController，快速连点分类/难度或快速翻页时先发的响应可能后到并覆盖新结果","P2","已修","v14.09","题库列表加请求序号守卫，丢弃过期响应避免覆盖新结果"
"门户-学习工具","QuestionListPage.vue","URL 筛选同步","只做单向同步：`syncFilterToUrl()` 把本地状态写回 URL（router.replace），但没有 watch `route.query`，浏览器后退时地址栏 query 变了、组件 `activeCategoryId/difficulty/keyword/page` 不变","P2","已修","v14.62","题库列表：补 URL 反向同步（watch route.query），浏览器后退/前进时筛选状态跟随地址栏；原先只做""本地状态 → URL""单向写入，后退后地址栏变了本地不变"
"门户-学习工具","QuestionListPage.vue","为你推荐（画像推荐）","推荐只在 `onMounted` 拉取一次：从题目详情页返回（组件不重新挂载）时不会重新计算推荐，用户刚答完题形成的薄弱点不会反映到「为你推荐」","P2","未修","-",""
"门户-学习工具","QuestionListPage.vue","分页控件","达到末页后再点「下一页」：`gotoPage` 只拦截越界不刷新，但 URL 中残留 `?page=N` 时后端返回空 `list`；同时 `pageSize = 10` 硬编码、单页条数不可配置，全站列表页各自为政","P3","未修","-",""
"门户-学习工具","QuestionListPage.vue","统计数字展示","统计口径不统一：本站已提供 `@/utils/number.ts` 的 `formatNumber`（k/w 缩写），本页 `acceptanceRate / submissionCount / likeCount` 全部原样输出","P3","未修","-",""
"门户-学习工具","QuestionListPage.vue","移动端筛选栏","响应式缺陷：`flex-col lg:flex-row` 使筛选栏在移动端排在列表**之前**，三组筛选（分类/难度/题型）全部展开占用整屏，用户要滚很久才看到第一道题","P3","未修","-",""
"门户-学习工具","QuestionListPage.vue","多余代码与注释","未使用 import：`LazyImage`（模板未引用，列表/推荐卡片均无图）、`InterviewCategoryVO` 之外的 `BookOpen` 之类正常；历史标签注释 `// v5.9 阶段1`、`// v6.3 题目结构化` 属「记录改动史」型","P3","未修","-",""
"门户-学习工具","QuestionListPage.vue","数据字典与后台入口核查","无问题：`getQuestionList/getInterviewCategoryList/getRecommendedQuestions/getMyProfile` 的 URL 与方法全部与后端一致（`/portal/interview/question/list`、`/category/list`、`/question/recommend?limit=`、`/profile?position=&scene=`），分页参数 `pageNum/pageSize` 与 `PageDomain` 一致、响应经 `httpGetList` 归一化 `list/total`，`questionType/keyword/categoryId/difficulty` 后端 `buildQuestionQueryWrapper` 均支持；题库后台菜单已存在（menuId 34「题库管理」/35「题目分类」，`cms:interview:list`）；字典 `portal_question_difficulty` 已配置 listClass(success/warning/danger) 与页面徽章映射一致","P3","已修","v13.74","分类/分页/排序参数口径"
"门户-内容社区","ColumnDetailPage.vue","订阅/取消订阅","**契约不一致（后端返回 boolean，前端按对象解析）**：`IColumnService.toggleSubscribe` 返回 `boolean`，Controller 用 `AjaxResult.success(boolean)` 包装 → `data` 是 `true/false`；前端却读 `res.data.subscribed`、`res.data.subscribeCount`，二者均为 undefined","P0","已修","v13.71","订阅切换接口契约（裸布尔 vs 对象）"
"门户-内容社区","ColumnDetailPage.vue","完结/恢复连载（作者）","**契约不一致（后端返回 int，前端整体替换 ColumnVO）**：`toggleFinish` 返回影响行数(int)，Controller `AjaxResult.success(int)`，前端 `column.value = res.data` 把 `column.value` 覆盖成一个数字","P0","已修","v13.71","专栏完结/恢复连载状态写错"
"门户-内容社区","ColumnDetailPage.vue","管理文章-排序（上移/下移/保存排序）","操作数组与展示数组不是同一个：`sortedArticles` 是按 `sortOrder` 排序的**副本**，而 `moveUp/moveDown` 按模板索引 `idx`（=`sortedArticles` 的索引）在 `column.value.articles` 原始数组上交换并 `reassignSortOrder()`；当原始数组顺序与 sortOrder 顺序不一致时交换的是无关两项，随后保存又取 `sortedArticles`，用户看到的顺序与落库顺序不一致","P2","已修","v14.33","专栏文章排序**真 bug**：原上移/下移作用在未排序源数组的同一索引上（模板遍历的是排序副本）⇒ 改错元素且顺序错乱；改为以显示顺序为基准交换并整体写回+重排 sortOrder"
"门户-内容社区","ColumnDetailPage.vue","删除专栏 / 完结 / 保存排序","写操作重复提交与并发保护不对称：`handleDelete`/`handleToggleFinish` 共用 `managing` 但 `handleSaveSort`(249) 与 `handleAddArticle/handleSelectArticle`(276-319) 无任何进行中标志，快速连点「保存排序」会连发多次 PUT，连点文章选择会并发 POST 同一文章","P2","已修","v13.71","专栏完结/恢复连载状态写错"
"门户-内容社区","ColumnDetailPage.vue","管理文章的「输入文章ID」遗留分支","死代码/未使用变量：`articleToAdd`(58) 仅被 `handleAddArticle`(276-299) 内部读写，而模板已改用 `MyArticlePicker`，`handleAddArticle` 从未被模板调用","P3","未修","-",""
"门户-内容社区","ColumnDetailPage.vue","多余代码与过期注释","过期注释（记录改动史型）：`// v1.1.3 新增：从 MyArticlePicker 选择文章后增量加入（替代旧的""输入文章ID""）`、`// v1.1.3 新增：候选文章列表中要排除已在专栏中的文章 ID`、`<!-- v1.1.3 改造：从""输入文章ID""升级为""我的文章选择器""，与编辑页统一组件 -->`；另有 `// toggleFinish 返回的是后端最新专栏详情，本地未保存的排序已被覆盖`（147 行）**与后端实际返回 int 不符**，属误导性注释（见上方 P0 行）；经逐项核对无未使用 import（`LazyImage` 用于第 399-404 行封面，`Save/ArrowUp/ArrowDown/Pencil/Gift` 等均在模板使用）","P3","已修","v13.71","专栏完结/恢复连载状态写错"
"门户-内容社区","ColumnDetailPage.vue","专栏定价与打赏","`ColumnVO.price`（BigDecimal 单价）后端已下发，页面完全不渲染：既无价格标签也无「订阅/购买」付费动作，仅有积分打赏 TipModal；付费专栏对用户等同免费订阅","P2","已修","v14.54","专栏详情：展示后端已下发的 price 单价（付费专栏原对用户等同免费订阅）；订阅/购买链路属独立产品需求，已记入对账"
"门户-内容社区","ColumnDetailPage.vue","详情接口与分页/错误态","无问题：`/portal/column/{id:[0-9]+}` 路径变量个数与名称（id）一致、非数字 id 直接 404 不误命中；`detail` 失败给 `error` 并有「重试」；面包屑/返回入口/空态（“专栏还没有文章”）/页脚齐全；后台菜单已存在（menuId 7「专栏管理」`cms/column/index`，perms `portal:column:list`，且 `moyun-admin-vue/src/views/cms/column/index.vue` 存在）","P3","未修","-",""
"门户-阅读空间","BookDetailPage.vue","章节列表/开始阅读（VIP 门禁）","前后端门禁口径不一致：前端按 `chapter.isFree === false` 只显示「VIP」徽章、仍允许跳转阅读；后端 `getChapterDetail` 是 `@Anonymous` 且注释明确「第一阶段简化：返回完整正文，VIP 校验第四阶段实现」，同时 `portal_book.access_level(free/vip/preview)` 与 `chapter.is_free` 都已在库中","P1","已修","v13.82","VIP 章节付费墙：非会员仅 500 字预览"
"门户-阅读空间","BookDetailPage.vue","章节目录/继续阅读","缺少阅读进度的「存在性」与请求上限约束：`loadChapters` 一次性拉取全部已发布章节（无分页/无 limit），网络小说可达数千章；`loadQuoteLikeStates` 对书籍金句逐个 `checkQuoteLike` 并发 N 个请求（后端无批量接口）；`chapters.slice(0,12)` 截断了展示但未截断请求","P2","已修","v14.38","书籍详情：章节目录支持「展开全部 N 章 / 收起」（原固定 slice(0,12)，第 13 章及以后在详情页无法选择）"
"门户-阅读空间","BookDetailPage.vue","金句点赞（toggleQuoteLike / checkQuoteLike）","契约与交互缺口：① `toggleQuoteLike` 返回 `{liked, likeCount}`，前端 `resp.data.liked/likeCount` 解析**正确**，但**失败时静默**（`code!==200` 或 data 为空时不提示、不改本地态，只有抛异常才有 toast）；② 本地 `liked` 状态仅存于组件内、未落 localStorage，刷新/返回列表后依赖 N 次 `checkQuoteLike`；③ 模板多处 `(quote as any)` 绕过类型","P2","已修","v14.15","金句点赞业务失败（code!==200/空 data）不再静默，与异常分支一致提示"
"门户-阅读空间","BookDetailPage.vue","继续阅读 / 章节跳转","后端不做「章节属于本教材」的校验：`getChapterDetail` 只按 `chapterId` 查询，阅读页 URL `/reading/book/:bookId/chapter/:chapterId` 的 `bookId` 与章节真实 `bookId` 无关联校验（前端 `goReadChapter` 也仅拼当前路由 id）","P2","已修","v14.40","章节归属校验：后端 getChapterDetail 只按 chapterId 查询、不校验是否属于 URL 的 bookId；前端在阅读器拿到章节后比对真实 bookId，不一致则用正确地址 replace（避免""书是 A、内容是 B""）"
"门户-阅读空间","BookDetailPage.vue","书籍类型 / 连载状态标签","枚举硬编码且与既有字典口径不齐：`bookTypeText`(186-192) 与 `serialStatusText`(195-201) 把 published/novel/longform 与 ongoing/completed/hiatus 写死在组件里；而库里 `portal_book_type`、`portal_book_serial_status`、`portal_access_type` 字典**已建类型但无字典项**，后台书籍表单/列表用的是本地常量而非字典","P2","已修","v13.92","书籍类型/连载状态改字典驱动"
"门户-阅读空间","BookDetailPage.vue","出版日期展示","格式化口径与工具能力不符：`publishDate` 后端是 `LocalDate`（`@JsonFormat(""yyyy-MM-dd"")`），页面用 `formatShortDate` 渲染成 `YYYY-MM-DD HH:mm`，出版日期会显示无意义的 `00:00`；项目 `formatDate(date, format, dateOnlyFormat)` 已内置「全 0 时刻回退为日期格式」的兜底","P2","已修","v14.38","书籍详情：出版日期改用 formatDate(date, fmt, dateOnlyFormat)（LocalDate 用 formatShortDate 会显示无意义的 00:00）"
"门户-阅读空间","BookDetailPage.vue","相关金句列表","功能缺失 + 布局缺陷：后端 `getBookById` 固定只取 `Page(1,10)` 公开金句且无「更多/全部金句」入口（`/portal/reading/quotes?bookId=` 已存在），用户也无「摘录金句」入口（`bookQuote` 仅后台维护）；金句卡片把 `quote.chapter`（长文本，如「第一卷 第三章 xxx」）放进 `flex-wrap` 行且无 `truncate`，长章节名会挤掉点赞按钮","P3","已修","v14.40","章节归属校验：后端 getChapterDetail 只按 chapterId 查询、不校验是否属于 URL 的 bookId；前端在阅读器拿到章节后比对真实 bookId，不一致则用正确地址 replace（避免""书是 A、内容是 B""）"
"门户-阅读空间","BookDetailPage.vue","「查看全部 N 章」按钮","文案与行为不符：按钮文案是「查看全部 {{ chapters.length }} 章」，但点击执行的却是 `goReadChapter(firstChapter.id)`（跳到第 1 章），并无「全部章节」页；首屏 `slice(0,12)` 之后用户无法在详情页选择第 13 章及以后","P2","已修","v14.40","章节归属校验：后端 getChapterDetail 只按 chapterId 查询、不校验是否属于 URL 的 bookId；前端在阅读器拿到章节后比对真实 bookId，不一致则用正确地址 replace（避免""书是 A、内容是 B""）"
"门户-阅读空间","BookDetailPage.vue","日期/数字格式化一致性","同批页面口径不统一：BookDetailPage 的 `readingCount/rating/pageCount/wordCount/chapterCount` 全部原样输出（`1234567 阅读`），而 ColumnDetailPage 有 `formatNumber`（k/w）、项目也有 `@/utils/number.ts`；`PortalBook.rating` 为 BigDecimal 直接插入 `{{ book.rating }}`（后端可能给 `4.50`，星星按 `Math.round` 取整，文字与星星不一致）","P3","未修","-",""
"门户-阅读空间","BookDetailPage.vue","路由参数变化重载","切换书籍时旧数据短暂残留：`watch(() => route.params.id)` 只调用 `loadBookDetail()`，不像 ColumnDetailPage 那样先清空 `book/quotes/chapters`，且 `loadChapters/loadQuoteLikeStates` 未 await 也未带序号守卫，慢响应可能覆盖新书数据","P2","已修","v14.39","书籍详情：切书先清空 book/quotes/chapters 并按书籍 id 做响应失效校验（详情与章节目录均加，含 catch/finally 收口）"
"门户-阅读空间","BookDetailPage.vue","多余代码与过期注释","过期注释（记录改动史）：`// v1.0 新增：章节目录（仅 novel/longform 类型加载）`、`// v1.0 第二阶段：阅读进度…`、`// v1.0 第二阶段：登录用户加载阅读进度`、`// v1.0 新增：加载章节目录`、`// v1.0 第二阶段：加载阅读进度（登录用户）`、`<!-- v1.0 新增：开始阅读/继续阅读 + 加入书架 + 最新章节 -->`、`<!-- v1.0 新增：章节目录 -->`；以及**原实现描述型注释** `// 修复：原逻辑仅允许 novel/longform 显示按钮…（且 26号种子未填 type）`（注释中的正则示例 `split(/[,，;；&#124;]/)` 含竖向分隔符，已在正文用实体转义避免破坏表格）","P3","未修","-",""
"门户-阅读空间","BookDetailPage.vue","接口与后台入口核查","无问题：`getBookDetail`(`/portal/reading/books/{id}`)、`getBookChapterList`(`/books/{bookId}/chapters`)、`getReadingProgress`(`/progress/{bookId}`)、`toggleQuoteLike`/`checkQuoteLike`(`/quote/{id}/like` GET/POST) 的路径、方法、路径变量名与数量、返回体结构与前端解析均一致（`{book,quotes}`、`BookChapter[]`、`ReadingProgress &#124; null`、`{liked,likeCount}`），且均已 `@Anonymous` 或在前端做了登录判断；three态（loading/error/空态「暂无数据」）与页脚/面包屑齐全；后台菜单已存在（menuId 41 书籍管理 / 42 章节管理 / 45 金句与用户内容，perms `portal:book:list`、`portal:bookChapter:list`、`portal:bookQuote:list`，views 均存在）","P3","已修","v14.15","金句点赞业务失败（code!==200/空 data）不再静默，与异常分支一致提示"
"门户-简历中心","MyResumesPage.vue","附件简历·下载源文件","后端已明确不再持久化附件源文件（sourceFileUrl 恒为 null），且前端用 window.open 直开裸路径，既缺 /api 前缀（vite 只代理 /api、/moyun）也不带 Authorization，双重不可用","P1","已修","v13.76","简历 PDF 下载接口缺失"
"门户-简历中心","MyResumesPage.vue","导出 PDF·下载","后端返回的 fileUrl 指向 `/portal/interview/resume/user/file/{id}`，但全部端点清单与代码中都不存在该端点，downloadPdfAuth 必然 404","P1","已修","v13.76","简历 PDF 下载接口缺失"
"门户-简历中心","MyResumesPage.vue","归档与恢复","后端 selectMyResumePage 默认 `ne(status,'archived')` 过滤掉归档记录，而本页从不传 status，也没有状态筛选控件，归档后简历立刻从列表消失，模板里的「恢复」按钮（status==='archived'）永不可达","P1","已修","v13.77/v13.79","模板状态口径（active/archived）与门户只读已发布"
"门户-用户与账号","UserSettingsPage.vue","通知设置","notifyLike/notifyComment/notifyFollow/notifySystem 只被写入 portal_user，全后端没有任何读取点，发通知（文章互动/评论/关注/系统）也不查收件人偏好","P1","已修","v13.86","通知偏好在通知落库入口按类型生效"
"门户-用户与账号","UserSettingsPage.vue","隐私设置","privacyEmail/privacyPhone/privacyBookmark/privacyFollow 四个开关只写库，门户侧除本页外无任何读取点（仅 privacy_profile 在名家录查询中被使用），文案承诺的「主页显示邮箱/手机号、他人可看收藏夹/可关注」均无效果","P2","已修","v14.08","privacyFollow（是否允许被关注）已在关注服务两个入口强制执行；privacyEmail/Phone 因公开资料 VO 本就是白名单（不含邮箱/手机）无泄露面；privacyBookmark 无对他人公开的入口；privacyProfile 早已生效"
"门户-用户与账号","UserSettingsPage.vue","账号注销·资金校验","注销仅把 del_flag 置 2、status 置 1，未校验 user_account.balance 与冻结金额；UI 只把「账户余额已提现或使用完毕」列为人工确认项","P1","已修","v13.71","注销前校验余额/冻结金额（有资金则拒绝）"
"门户-用户与账号","UserSettingsPage.vue","账号注销·文案一致性","页面声明「注销是不可逆操作，所有数据（文章、评论、收藏等）将被永久删除」，后端实为软删除（del_flag=2/status=1），文章、评论等业务数据一条未删，仅重新注册可复活","P2","已修","v14.55","设置页：注销文案改为与后端**软删除**（del_flag=2/status=1，业务数据未删、可重新注册恢复）一致，原文案称""所有数据永久删除""与实现不符"
"门户-用户与账号","UserSettingsPage.vue","设置回显","onMounted 只调用 initializeUser()，而 store 在 localStorage 已有 user 时直接 return，不回源刷新；开关状态取自本地缓存快照","P2","已修","v14.55","设置页：回显前显式调用 store.fetchCurrentUser() 回源刷新（initializeUser 在 localStorage 有 user 时直接 return ⇒ 开关状态取自过期缓存快照）"
"门户-用户与账号","UserSettingsPage.vue","修改密码·安全策略","改密仅校验长度≥6，口径弱于注册（注册要求大小写+数字）；接口无 @RateLimiter，改密成功也不失效既有 token","P3","未修","-",""
"门户-用户与账号","UserSettingsPage.vue","提示与状态管理","showSuccess/showError 各自 setTimeout 3000ms 未在卸载时清理，且按文本相等判断清空；isLoading 为全局单值，任一分区保存时三个按钮同时显示「保存中…」","P3","未修","-",""
"门户-用户与账号","UserSettingsPage.vue","未保存变更与交互细节","切换左侧分区不提示未保存修改，离开页面即静默丢弃；「公开手机号」用 Bell 图标、「公开邮箱」用 MessageSquare 图标，语义错误；页面无 SiteFooter，与全站 60+ 页面不一致","P3","未修","-",""
"门户-用户与账号","UserSettingsPage.vue","死分支与响应契约","client.ts 对 code!==200 一律 throw，因此「response.code === 200 或 === 0」这类判断、`if (response.code === 200) ... else showError(response.message)` 的 else、以及「或 0」分支永不可达；res.message 亦取不到","P3","未修","-",""
"门户-用户与账号","UserSettingsPage.vue","后台入口（维度E）","通知/隐私开关后台已有对应入口（门户管理-门户用户-编辑-通知偏好/隐私设置），无需新增菜单；但该表单只做数据维护，与上述「无消费方」问题应同批复核","P3","已修","v13.86","通知偏好在通知落库入口按类型生效"
"门户-用户与账号","RegisterPage.vue","获取邮箱验证码","当 sys.account.captchaEnabled=false 时，handleSendEmailCode 跳过弹窗直接 doSendEmailCode，失败信息只写进 `captchaModal.error`（弹窗未显示）且仅 console.warn，用户看不到任何提示","P1","已修","v13.74/v13.79","验证码开关/弹窗加载态修复（不含""重复实现去重""""过期注释""""倒计时阈值""等条目）"
"门户-用户与账号","RegisterPage.vue","注册成功后的登录态","registerWithApi 成功后已 setToken 并写入 user（自动登录），页面紧接着 push('/login') 并提示「请使用新账户登录」，而 LoginPage 不会对已登录用户跳转","P2","已修","v14.35","注册页：注册成功即已自动登录（store 已 setToken/写 user），改为按 ?redirect 就近跳转并提示""已自动登录""（原先提示""请使用新账户登录""且回登录页，用户带登录态看到登录表单）"
"门户-用户与账号","RegisterPage.vue","服务条款/隐私政策","「服务条款」与「隐私政策」两个链接都指向 /agreement，该路由渲染的是《用户服务协议》，全站没有隐私政策页面或弹窗锚点","P2","已修","v13.87","新建隐私政策页并修正三处引用"
"门户-用户与账号","RegisterPage.vue","页脚备案信息","页脚硬编码占位备案号 `京ICP备xxxxxxxx号-2`，与 LoginPage、SiteFooter 三处重复，且 sys_config 中不存在对应键","P2","已修","v14.26","ICP 备案号三处重复写死 → 收敛到 src/constants/site.ts 单一来源（上线前改一处即可）"
"门户-用户与账号","RegisterPage.vue","过期注释","头部注释称「接口固定返回 captchaEnabled=true」，与 CaptchaController 实际按 sys.account.captchaEnabled 返回真实开关（关闭时甚至不返回 uuid/img）相矛盾，会误导维护者删掉降级分支","P3","已修","v13.74/v13.79","验证码开关/弹窗加载态修复（不含""重复实现去重""""过期注释""""倒计时阈值""等条目）"
"门户-用户与账号","RegisterPage.vue","提交字段与后端契约","注册请求携带 confirmPassword，但后端入参为 PortalUser 实体，其中无 confirmPassword 字段（仅 code/uuid/emailCode/smsCode 为 @TableField(exist=false)），该字段被 Jackson 静默忽略；store 还兜底把 confirmPassword 取 params.confirmPassword 或 params.password","P3","未修","-",""
"门户-用户与账号","RegisterPage.vue","图形验证码刷新按钮","图片加载失败时 captchaImg 为空，模板 `v-else` 分支渲染的是 `animate-spin` 的 RefreshCw，且未绑定 captchaLoading，按钮呈现永久旋转（假加载态）","P3","已修","v13.74/v13.79","验证码开关/弹窗加载态修复（不含""重复实现去重""""过期注释""""倒计时阈值""等条目）"
"门户-用户与账号","RegisterPage.vue","重复实现与SEO","验证码弹窗（visible/img/uuid/code/loading/error、loadModalCaptcha、confirmModalSend）与倒计时逻辑与 ForgotPasswordPage 近乎逐行重复；本页也未调用 useHead/generateSeo，缺少 description/canonical（仅靠路由 meta 设 title）","P3","未修","-",""
"门户-用户与账号","RegisterPage.vue","表单细节与阈值","倒计时 60s 硬编码（后端 LOCK_SECONDS=60 与 IP 限流 3次/60s 均为常量配置）；发码用 trim 后邮箱、提交用未 trim 原值；注册失败只刷新图形码不清空已一次性消费的 emailCode","P3","未修","-",""
"门户-简历中心","MyResumesPage.vue","并发操作锁","actionId 作为全局互斥，但只有 `actionId === r.id` 的那张卡片按钮被 disabled，其他卡片按钮外观可用，点击后因 actionId 非空在守卫处静默 return","P3","已订正","v14.36","复核：简历操作已有 actionId 在途锁（`if (!r.id || actionId.value) return;`），导出/删除/评分/复制共用，原报告基于旧版本代码"
"门户-简历中心","MyResumesPage.vue","导出后的本地状态更新","导出成功后回写列表项的 fileUrl/exportTime，但模板从未渲染这两个字段（未显示导出时间、无「再次下载」入口），该分支为无效代码","P3","已订正","v14.36","复核：导出成功后已就地更新列表项的 fileUrl/exportTime（findIndex + 展开覆盖），无需修改"
"门户-简历中心","MyResumesPage.vue","过期注释与死分支","存在记录改动史的过时注释与失效声明：`// v10.0 P0-2:`（94、368）、`// v10.22：`（273、279、422、439、498），其中 273 行「认证下载流」与实现相反（window.open 不带 token）、279 行「返回新在线简历 ID」与后端实现（返回同一个 id，只把 sourceType 改为 online）不符；另有多个 `res.code === 200` 的不可达 else 分支","P3","未修","-",""
"门户-简历中心","MyResumesPage.vue","空态文案与写死内容（维度D）","空态硬编码「🎙️ AI 语音面试官即将上线」「约 40% 的题目会基于你简历中的项目经历深挖提问」，而语音面试路由与页面早已上线（/interview/voice-interview），文案过期且 40% 属无法核验的写死数值","P3","未修","-",""
"门户-简历中心","MyResumesPage.vue","状态枚举与分页（维度D）","draft/published/archived 的中文标签与配色硬编码在 statusMap，admin.dicts.json 中不存在简历状态字典；pageSize 固定 12 且分页只有上一页/下一页，无每页条数与跳页","P3","已修","v13.77/v13.79","模板状态口径（active/archived）与门户只读已发布"
"门户-简历中心","MyResumesPage.vue","后台菜单与入口（维度E）","用户简历在后台只有隐藏路由 `/system/user-resume/list/:userId`（system/user/userResume.vue，perms system:user:resume，入口是系统用户列表「查看简历」按钮），简历管理菜单（menuId 24）下仅有「简历模板」，没有常规「用户简历」列表菜单；admin.menus.json 仅含 M/C 型菜单，F 型按钮权限未包含，`system:user:resume` 是否已在 sys_menu 登记无法确认（unverified）","P3","未修","-",""
"门户-简历中心","MyResumesPage.vue","接口与分页契约","无问题：getMyResumeList（GET /portal/interview/resume/user/list，pageNum/pageSize 与 UserResumeQuery+PageDomain 一致）、copy/versions/score/export/status/convert-to-online 的路径、方法、路径变量数量与 body 字段名均与 Controller 一致，分页信封由 httpGetList 归一化 records/total → list/total，页面按 `res.data.list`/`res.data.total` 解析正确","P3","未修","-",""
"门户-用户与账号","UserSettingsPage.vue","接口契约","无问题：PUT /portal/user/profile 支持 notify*/privacy* 部分更新（XML 为动态 SET），PUT /portal/user/password 字段名 oldPassword/newPassword/confirmPassword 一致，PUT /portal/user/deactivate 的 confirmText 与前端一致，且 selectPortalUserById 使用不含 password 的列集，接口未回传口令哈希","P3","未修","-",""
"门户-用户与账号","RegisterPage.vue","接口契约","无问题：POST /portal/register 入参 PortalUser 含 code/uuid/emailCode，返回 data.token + data.user，store 的 `response.data.token` 解析成立；GET /captchaImage 顶层返回 captchaEnabled/uuid/img，与 getCaptchaImage 的直连 fetch 解析一致；注册失败/成功后的图形码一次性作废与刷新处理正确","P3","已修","v13.74/v13.79","验证码开关/弹窗加载态修复（不含""重复实现去重""""过期注释""""倒计时阈值""等条目）"
"门户-内容社区","MyArticlesPage.vue","重新提交审核","重提走 PUT /portal/article，body 里带 `tagNames: article.tagNames`，但 /portal/article/my 的 select 与 resultMap 都没有 tag_names，该字段为 undefined 被 JSON 丢弃；后端 edit 在 result 大于 0 时**无条件**调用 bindTags，tagIds 与 tagNames 全空时 finalIds 为空，先 deleteByEntity 删光该文全部标签绑定，再按差集把每个旧标签 reference_count 减 1","P0","已修","v13.71","标签绑定：edit 仅在 tagIds/tagNames 至少一个非 null 时才 bindTags（缺省=不改标签），避免重提清空旧标签；my-articles select/resultMap 已含 tag_names"
"门户-内容社区","MyArticlesPage.vue","已拒绝原因回显","页面用 `article.remark` 渲染""拒绝原因""，但驳回原因写的是 `audit_remark`（CmsArticleServiceImpl 注释明确""不再复用通用 remark""），且 selectPortalArticleVo 未查 pa.audit_remark、PortalArticleResult 未映射 auditRemark，接口根本拿不到该字段；types/api.ts 还把 remark 注释成""审核意见（rejected 时存拒绝原因）""","P1","已修","v13.97","my-articles 的 select/resultMap 已含 audit_remark；VO 补 auditRemark"
"门户-内容社区","MyArticlesPage.vue","列表加载","只有 loading 与 empty 两态，没有 error 态：catch 里只 console.error（或跳登录），articles 保持空数组，模板随即渲染""暂无文章 / 去发布第一篇文章""","P2","已修","v14.34","我的文章：新增 loadError 失败态（排在空态之前 + 重试）；401 交给全局处理不再强推登录页"
"门户-内容社区","MyArticlesPage.vue","删除文章","删除后只调 loadArticles 而不纠正 pageNum：删掉末页最后一条时 pageNum 仍指向已不存在的页，后端返回空 records，且 total 可能已不大于 pageSize 导致分页控件消失，页面显示""暂无文章""","P2","已修","v14.34","我的文章：新增 loadError 失败态（排在空态之前 + 重试）；401 交给全局处理不再强推登录页"
"门户-内容社区","MyArticlesPage.vue","重新提交审核","无标题草稿（列表里显示为""无标题草稿""，saveDraft 无 @Validated 允许空标题入库）点「重新提交」必失败：edit 接口是 `@Validated @RequestBody PortalArticle`，title 有 @NotBlank 校验，返回""文章标题不能为空""，而按钮对空标题不做任何前置判断或引导","P2","已修","v13.71","标签绑定：edit 仅在 tagIds/tagNames 至少一个非 null 时才 bindTags（缺省=不改标签），避免重提清空旧标签；my-articles select/resultMap 已含 tag_names"
"门户-内容社区","MyArticlesPage.vue","登录态失效处理","catch 中按 error.message 含""登录""再 `router.push('/login?redirect=/my/articles')`，与 client.ts 的全局 401 处理（showAuthExpiredDialog / handleUnauthorized）重复：全局弹窗刚弹出，页面立刻又把用户强推到登录页，""留在当前页/继续浏览""选择被作废","P2","未修","-",""
"门户-内容社区","MyArticlesPage.vue","列表接口契约","`getMyArticles` 用裸 `httpGet` 并让页面自取 `res.data.records / res.data.total`，未用项目统一的 `httpGetList`（客户端已做 records/rows/list 归一化），同页其它「我的列表」全部走 httpGetList；同时丢失了 10s SWR 缓存与并发去重","P3","未修","-",""
"门户-内容社区","MyArticlesPage.vue","状态筛选与徽章","状态值与文案（draft/pending/published/rejected/archived → 草稿/待审核/已发布/已拒绝/已归档）以及徽章配色全部硬编码在页面，未使用已声明的字典 cms_article_status（后端文案为""已驳回""，与前端""已拒绝""不一致）","P3","未修","-",""
"门户-内容社区","MyArticlesPage.vue","时间显示","手写 `formatDate(t, 'YYYY-MM-DD HH:mm')`，而 utils/date.ts 已提供等价语义的 formatShortDate | 同类页面时间格式实现分叉，后续统一格式需多处改 | 改用 `formatShortDate(article.updateTime \","P3","未修","-",""
"门户-内容社区","MyArticlesPage.vue","状态 Tab 计数","死代码：statusTabs 全部写死 `count: null`，模板 `v-if=""tab.count !== null""` 的计数徽章永不渲染，配套 .tab-count 样式也无消费方","P3","未修","-",""
"门户-内容社区","MyArticlesPage.vue","页面骨架与 SEO","缺 SiteFooter，也未调用 useHead/generateSeo：路由 meta 的 `robots: 'noindex,nofollow'` 无任何消费方（全仓仅 utils/seo.ts 会输出 robots），页脚在本页缺失（同类的 MyColumnsPage/MyTopicsPage/StudyPlanPage 都有）","P3","未修","-",""
"门户-内容社区","MyArticlesPage.vue","代码卫生","①第 195 行孤立注释 `// 时间格式化` 下方已无对应代码；②254-279 行用 `} as any)` 强转绕过 UpdateArticleParams 类型，恰好掩盖了 tagNames 不在契约内这一 P0 成因","P3","已修","v13.71","标签绑定：edit 仅在 tagIds/tagNames 至少一个非 null 时才 bindTags（缺省=不改标签），避免重提清空旧标签；my-articles select/resultMap 已含 tag_names"
"门户-内容社区","MyArticlesPage.vue","重提后审核意见残留","重提（status=pending）不会清空 audit_remark：portal 侧 updatePortalArticle 的 SQL 没有 audit_remark 列，审核通过时 applyArticle 只在 opinion 非空时写 auditRemark，因此""驳回→重提→通过""的文章会长期保留上一次的驳回原因","P3","已修","v13.97","my-articles 的 select/resultMap 已含 audit_remark；VO 补 auditRemark"
"门户-内容社区","MyArticlesPage.vue","后台入口（维度E）","无问题：后台已有「内容管理-文章管理」(cms/article/index, cms:article:list) 与「审核中心」(cms/audit-center/index, system:auditTask:list)，文章审核链路与驳回入口齐全","P3","未修","-",""
"门户-用户与账号","ForgotPasswordPage.vue","发送验证码","静默失败：captchaEnabled 为 false（后台关掉 sys.account.captchaEnabled）时 `handleSendCode` 直接调 doSendCode，而失败分支把提示写进 `captchaModal.error` 并刷新弹窗图片——此时弹窗 `v-if=""captchaModal.visible""` 为 false，用户看不到任何提示、没有 toast","P1","已修","v13.74/v13.79","验证码开关/弹窗加载态修复（不含""重复实现去重""""过期注释""""倒计时阈值""等条目）"
"门户-用户与账号","ForgotPasswordPage.vue","验证码开关探测","探测失败时降级方向错误：`probeCaptchaEnabled` catch 里把 captchaEnabled 设为 false（不弹图形码），但后端开关若为开启则强制校验 code/uuid，发送必定被拒（""请输入图形验证码""），叠加上一行的静默失败即变成""按钮永远无效""","P2","已修","v13.74/v13.79","验证码开关/弹窗加载态修复（不含""重复实现去重""""过期注释""""倒计时阈值""等条目）"
"门户-用户与账号","ForgotPasswordPage.vue","手机号重置密码","前后端密码策略不一致：页面强制 6-20 位且必须含大小写字母和数字，而 /portal/sms/reset-password 只判长度不小于 6、且不校验上限与复杂度（邮箱通道则完整校验）","P2","已修","v14.58","手机号重置密码：后端 /portal/sms/reset-password 校验与邮箱通道对齐（6-20 位 + 必须含大小写字母和数字），原先只判""长度不小于 6""且不校验上限与复杂度 ⇒ 短信通道成为弱口令入口（前端本就按 6-20 位 + 复杂度校验，属""后端弱于前端""）"
"门户-用户与账号","ForgotPasswordPage.vue","重置成功跳转","成功后 `setTimeout(() => router.push('/login'), 1500)` 未保存句柄也未在 onUnmounted 清理（同一组件只清理了 countdownTimer），用户在 1.5s 内主动离开也会被强制跳登录","P2","已修","v14.35","找回密码：成功跳转定时器受管 + onUnmounted 清理（原裸 setTimeout，用户 1.5s 内离开仍被强推登录页）"
"门户-用户与账号","ForgotPasswordPage.vue","找回方式切换","两个细节：①倒计时（countdown）是页面级单值，邮箱发码后切到手机号仍显示""60s 后重发""，而两种通道在后端是独立限流键；②切换方式只清空 errors/serverError/serverSuccess，不清空 form.code，可能把邮箱验证码直接提交给短信重置接口","P3","已修","v14.36","找回密码：切换通道时清空验证码并复位倒计时（两通道验证码独立生成/限流，原保留会把邮箱码提交给短信接口）"
"门户-用户与账号","ForgotPasswordPage.vue","代码卫生","第 5 行导入的 `ArrowRight` 在模板与脚本中均未使用","P3","已修","v14.00","移除未使用图标 ArrowRight"
"门户-用户与账号","ForgotPasswordPage.vue","校验规则复用","邮箱正则 `^[A-Za-z0-9+_.-]+@[A-Za-z0-9.-]+\.[A-Za-z]{2,}$` 在本文件出现两次（134、225），并与 RegisterPage.vue:133 重复；手机号正则同样散落多页","P3","未修","-",""
"门户-用户与账号","ForgotPasswordPage.vue","SEO 与元信息","未使用 useHead/generateSeo，路由 meta 的 `robots:'noindex,follow'` 无消费方（robots 仅由 utils/seo.ts 输出），页面不产出 canonical 与 robots meta","P3","未修","-",""
"门户-用户与账号","ForgotPasswordPage.vue","硬编码常量","`startCountdown(60)` 的 60 秒为硬编码；经核对与后端同邮箱锁 LOCK_SECONDS=60 完全一致，属于可接受保留（改动需同时改后端常量，不宜由后台自由配置）","P3","未修","-",""
"门户-用户与账号","ForgotPasswordPage.vue","后台配置入口（维度E）","图形码开关有后台入口（「系统管理-参数设置」可维护 sys.account.captchaEnabled），但邮件/短信通道可用性只能靠环境变量（MAIL_HOST/MAIL_PASSWORD 等），后台无法查看或开关，页面只能抛出""邮件服务暂未开启，请联系管理员""","P3","已修","v13.74/v13.79","验证码开关/弹窗加载态修复（不含""重复实现去重""""过期注释""""倒计时阈值""等条目）"
"门户-学习工具","StudyPlanPage.vue","今日打卡与撤销","打卡成功后用本地算术更新统计：`plan.doneCount = Math.max(0, plan.doneCount + delta)` 与据此重算的 progressPercent，而服务端 recordTodayProgress 返回的是""今日完成数""（clamp 到 0），累计数与百分比并不随之变化；在今日完成数为 0 时点减号，服务端不变而前端仍减 1","P2","已修","v14.36","学习计划：打卡改为以服务端为准刷新列表（原用 delta 本地加减**累计**数，而服务端返回的是**今日**数 ⇒ 今日为 0 时点减号前端仍减 1）；今日完成数为 0 时禁用减号"
"门户-学习工具","StudyPlanPage.vue","编辑计划","编辑时清空可选字段不生效：submitForm 把 `targetCount / targetCategory / startDate / endDate` 的空值转成 undefined（JSON 丢弃），后端 setXxx(null) 后走 MP 默认 NOT_NULL 更新策略，null 字段不进 SET，旧值原样保留","P2","已修","v14.10","学习计划：可空字段加 updateStrategy=ALWAYS，清空后才真正写 NULL 落库（两条 update 路径均为完整实体，无副作用）"
"门户-学习工具","StudyPlanPage.vue","删除计划与分页","删除成功后只调 loadPlans，不纠正 page：删掉末页最后一条时 page 仍指向超界页（后端分页未开启溢出纠正，会返回空 records），模板随即进入空态并显示""还没有学习计划，开始创建第一个吧""，同时 total 可能已不大于 pageSize 导致分页控件消失","P2","已修","v14.36","学习计划：删除后纠正页码（末页删空自动回退一页），避免停在超界页显示""还没有学习计划"""
"门户-学习工具","StudyPlanPage.vue","计划日期范围","开始/结束日期无任何顺序校验：页面只用两个 date 输入框直接入库，后端 savePlan 也是直接 set，因此可以保存 startDate 晚于 endDate 的计划，卡片按""开始日期 起 至 结束日期""原样渲染出颠倒区间","P2","已修","v14.35","学习计划：提交时校验开始日期不得晚于结束日期（原可直接保存颠倒区间）"
"门户-学习工具","StudyPlanPage.vue","目标数量单位","单位""题""硬编码：卡片固定显示""目标 N 题""""今日完成 N 题""，但 planType 支持 weekly_reading（每周阅读）与 custom，阅读类计划的目标量不是题数","P2","已修","v14.22","学习计划目标量单位按 planType 映射（daily_question→题 / weekly_reading→篇 / 其它→项），原三处写死""题"""
"门户-学习工具","StudyPlanPage.vue","类型与状态文案","计划类型选项与文案（daily_question/weekly_reading/custom）、状态 Tab（active/completed/abandoned）、状态文案与状态徽章色全部硬编码在页面，未使用已声明的 portal_study_plan_type / portal_study_plan_status 字典 | 新增计划类型或状态时门户与后台/接口三处漂移，筛选 Tab 与卡片徽章可能显示裸英文值（statusText 的兜底就是 `map[s] | ","P3","已修","v14.22","学习计划目标量单位按 planType 映射（daily_question→题 / weekly_reading→篇 / 其它→项），原三处写死""题"""
"门户-学习工具","StudyPlanPage.vue","代码卫生","①第 4 行 `import { useRouter } from 'vue-router'` 与第 23 行 `const router = useRouter()` 全页未使用（无 router.push 调用）；②第 33、123 行""记录改动史""注释 `// v5.9 阶段3：画像生成状态`、`// v5.9 阶段3：基于画像自动生成学习计划` 属版本流水，函数名与代码已自解释","P3","已修","v14.00","移除未使用的 router 变量与 useRouter 导入"
"门户-学习工具","StudyPlanPage.vue","页面主标题","页面没有主标题（h1）：吸顶栏只有面包屑与两个操作按钮，区块标题缺失；同级学习页 LearnCenterPage/LeaderboardPage/PracticeCenterPage 均有 h1 页标题","P3","未修","-",""
"门户-学习工具","StudyPlanPage.vue","计划数量上限","每个用户最多 20 个计划写成后端常量 MAX_PLAN_PER_USER=20，前端不展示上限也不提示剩余额度，只在保存失败时把""计划数量已达上限（20 个）""作为表单错误弹出","P3","未修","-",""
"门户-学习工具","StudyPlanPage.vue","目标数量为 0 或空","目标数量允许 0/空（input min=0、提交时 `form.targetCount \ | \ | undefined`），卡片用 `plan.targetCount \ | \ | '∞'` 兜底显示无穷，而进度百分比仍按后端计算值展示，""∞""与百分比口径互相矛盾且不参与进度","P3","已修","v14.10","学习计划：可空字段加 updateStrategy=ALWAYS，清空后才真正写 NULL 落库（两条 update 路径均为完整实体，无副作用）"
"门户-学习工具","StudyPlanPage.vue","后台菜单与入口（维度E）","无问题：后台已有「门户管理（或学习管理）-学习计划」菜单 (path=study-plan, component=portal/studyPlan/index, perms=portal:studyPlan:list)，配套只读分页接口 /cms/portal/study-plan/list 已实现；仅支持只读查看，无进度纠错/删除能力（如需运营干预再补）","P3","未修","-",""
"门户-用户与账号","UserProfilePage.vue","保存资料","表单只在 onMounted 从 userStore.user 回填，从不重新请求 /portal/user/me；而，store 在 isUserInitialized 为 true 时直接返回 localStorage 快照不再刷新，后端 updatePortalUser 对 nickname/email/phone/bio/position/gender/location/website/github/company/school 只判断 xxx != null，空串同样落库","P1","已修","v14.05","挂载时用 store.fetchCurrentUser() 从服务端刷新资料，再回填表单"
"门户-用户与账号","UserProfilePage.vue","邮箱验证状态","邮箱输入框下方的""已验证""徽章取的是 userStore.user.isPhoneVerified（手机号验证字段），邮箱本身没有验证字段","P2","已修","v14.35","个人资料：邮箱下方的""已验证""徽章判断的是 isPhoneVerified（手机号字段，User 类型无邮箱验证字段）⇒ 移除该假状态（手机号徽章位置语义正确）"
"门户-用户与账号","UserProfilePage.vue","个人简介长度限制","文案写明""最多 500 个字符""，但 textarea 无 maxlength 也无字数统计；后端 updateProfile 用 @RequestBody Map 接收且无 @Valid，实体上的 @Size(max=500) 不会触发校验","P2","已修","v14.35","个人资料：简介加 maxlength=500 + 实时字数（原文案写 500 但无任何限制，后端 Map 入参无 @Valid）"
"门户-用户与账号","UserProfilePage.vue","性别选择","性别下拉硬编码 male/female/other，与数据字典 sys_user_sex(0/1/2=男/女/未知) 口径不一致；同时门户字典接口只放行 portal_/cms_ 前缀，前端也无法直接复用 sys_user_sex","P2","已订正","v13.72","原判断有误：@VipOnly 返回 false 是**拒绝**而非 fail-open；已在清单/CSV 以【订正】标注"
"门户-用户与账号","UserProfilePage.vue","保存成功跳转","保存成功后用裸 setTimeout 1 秒后 router.push('/user')，组件卸载时未清理","P3","已修","v14.35","个人资料：保存成功跳转定时器受管 + onUnmounted 清理"
"门户-用户与账号","UserProfilePage.vue","头像上传","后端 200 但 data 未携带 avatar/url 时，profileForm.avatar 被赋值为空串，且该分支保留的 blob 预览 URL 不会被 revoke；保存资料就会把 avatar 写成空串","P3","未修","-",""
"门户-用户与账号","UserProfilePage.vue","头像格式校验","文案写""支持 JPG、PNG、GIF 格式""，前端 accept=""image/*"" 实际放行 svg/bmp/tiff，后端白名单是 jpg/jpeg/png/gif/webp","P3","已订正","v13.72","原判断有误：@VipOnly 返回 false 是**拒绝**而非 fail-open；已在清单/CSV 以【订正】标注"
"门户-用户与账号","UserProfilePage.vue","目标岗位选择","placeholder 写""建议从字典选择，驱动画像推荐""，但数据源早已是 portal_job_template 表（岗位模板），页面上也无任何字典入口","P3","未修","-",""
"门户-用户与账号","UserProfilePage.vue","过期注释","注释""// 岗位模板（v13.37：全 portal 岗位配置唯一来源；原「岗位字典」已并入 portal_job_template）""前半句是当前设计依据（保留），括号内""原「岗位字典」已并入…""属记录改动史","P3","未修","-",""
"门户-用户与账号","UserProfilePage.vue","未保存离开","表单无脏数据检测，点""取消""（history.back）或浏览器返回会直接丢弃全部编辑内容，无二次确认","P3","未修","-",""
"门户-用户与账号","UserProfilePage.vue","后台可维护性（核对）","无问题：页面全部字段在后台""门户管理→内容管理→门户用户""（cms:user:list）可维护，岗位来源在""面试管理→岗位模板""（cms:interview:jobTemplate:list）可维护，头像文件可在""系统设置→基础管理→文件管理""管理","P3","未修","-",""
"门户-AI语音面试","InterviewPage.vue","平台统计展示","计数取不到时用 hotQuestions.length * 500 与 * 1000 兜底，凭空放大成 5000 道题/10000 次提交的""平台数据""","P2","已修","v14.58","面试首页平台统计：去掉 length*500 / *1000 的编造兜底，取不到真实计数即 0（原先凭空放大成""5000 道题/10000 次提交""的运营数据）"
"门户-AI语音面试","InterviewPage.vue","开始面试（FREE 标识）","主按钮标注 FREE（免费），但后端 start 接口带 @VipOnly（free tier 每用户 2 次，用完返回 402 引导开通）","P2","已修","v13.90","面试入口 FREE 徽标改接口驱动"
"门户-AI语音面试","InterviewPage.vue","分区空态","分类/热门题目/热门面经/简历模板/热门公司五个分区全部只有 v-if=""length > 0""，没有任何空态文案或全局空态","P2","已修","v14.62","面试首页：分类/热门题目/热门面经/简历模板/热门公司五个分区各补空态文案（原先只有 v-if=""length > 0""，为空时分区直接消失，用户看不到任何说明）"
"门户-AI语音面试","InterviewPage.vue","面经作者信息","expName/expAvatar 先取 (exp as any).user?.nickname / user?.avatar，但首页接口返回的 InterviewExperienceVO 只有 userNickname/userAvatar，没有 user 对象，该分支永不命中","P3","未修","-",""
"门户-AI语音面试","InterviewPage.vue","首页数据兼容","取热门面经时写了 d.hotExperiences 兼容 d.experiences 的回退，而 experiences 是历史字段名，InterviewHomeDataVO 只定义了 hotExperiences","P3","未修","-",""
"门户-AI语音面试","InterviewPage.vue","多语言面试功能卡","""多语言面试支持（V10.3 · 置灰占位）""以硬编码 disabled 卡片 + V10.3 徽章长期挂在页面上，无任何配置开关","P3","未修","-",""
"门户-AI语音面试","InterviewPage.vue","栏目锚点导航","sectionNav 锚点始终渲染，但 loading/error 态下各分区节点并未渲染（v-if/v-else 分支）","P3","未修","-",""
"门户-AI语音面试","InterviewPage.vue","接口与字典核对（核对）","无问题：GET /portal/interview/home（@Anonymous）返回 InterviewHomeDataVO，categories/hotQuestions/hotExperiences/resumeTemplates/hotCompanies/totalQuestionCount/totalSubmissionCount 与前端解析逐字段对应；难度标签走 portal_question_difficulty 字典并有本地兜底，字典项 easy/medium/hard 齐全","P3","未修","-",""
"门户-AI语音面试","InterviewPage.vue","后台入口","面试指南首页的五个推荐位（分类/热门题目/热门面经/简历模板/热门公司）数据虽有各自菜单，但首页分区顺序、是否展示、热门条数（后端写死 10/5/8/10）均无后台配置入口","P3","未修","-",""
"门户-用户与账号","AuthorPage.vue","关注按钮（未登录）","toggleFollow 首行对 author 与 currentUser 做任一为空的判断后直接 return，游客/未登录点""关注""静默无响应；同页""私信""按钮却做了跳登录处理","P1","已修","v13.79","未登录关注 → 提示并跳登录（带回跳地址）"
"门户-用户与账号","AuthorPage.vue","作者资料接口","getUserById → GET /portal/user/{id:[0-9]+} 直接返回 PortalUser 实体全字段（email/phone/wechat/loginIp/loginDate/maritalStatus/hasMortgage/hasSideIncome/incomeTypes/vipExpireAt/twoFactorEnabled…），仅 password 标了 WRITE_ONLY；该路径在 PortalSecurityConfig 中 permitAll，页面只用到了 username/avatar/bio/createTime","P1","已修","v13.76","用户主页 VO 改公开白名单（原泄露邮箱/手机/微信/登录IP）"
"门户-用户与账号","AuthorPage.vue","关注/取消关注","请求期间无锁、按钮无 disabled，快速连点会重复发 follow 并每次都执行 authorStats.followers++；取消关注时无条件 followers--，若统计接口失败（followers 初始为 0）会减成 -1","P2","已修","v14.07","关注请求加锁 + 按钮 disabled + finally 释放；粉丝数不允许为负"
"门户-内容社区","AuthorPage.vue","文章列表与分页","只请求一次 { authorId, pageSize: 100 } 然后在前端 slice 分页；后端 PageUtils.MAX_PAGE_SIZE=100 会把 pageSize 截到 100","P2","未修","-",""
"门户-用户与账号","AuthorPage.vue","SEO 标题","useHead(generateSeo({ title: author.value ? ... : '用户主页' })) 未包 computed，setup 阶段 author 恒为 null，SEO 字段此后不再更新","P2","已修","v14.60","作者页 SEO：useHead 改为 computed 包裹（原先 setup 阶段 author 恒为 null 且非响应式 ⇒ 数据加载后标题/描述不再更新）"
"门户-用户与账号","AuthorPage.vue","路由参数变化","只在 onMounted 调 loadAuthorData，未 watch route.params.id；App.vue 的 router-view 没有 :key","P3","未修","-",""
"门户-用户与账号","AuthorPage.vue","加入时间展示","直接把后端 createTime（@JsonFormat yyyy-MM-dd HH:mm:ss）渲染成""加入于 2024-06-28 10:23:45""","P3","已修","v14.57","作者页：「加入于」走 formatDate（原先直出后端 ISO 串）"
"门户-用户与账号","AuthorPage.vue","死字段兜底","(author as any).createdAt、stats.fansCount / stats.followerCount / stats.followCount 都是后端不存在的字段名（实际只有 createTime 与 followers/following）；文章列表解析里 list 取不到时回退整包 data 的兜底也不可达（httpGetList 已归一化出 list）","P3","已修","v14.57","作者页：「加入于」走 formatDate（原先直出后端 ISO 串）"
"门户-用户与账号","AuthorPage.vue","用户不存在处理","双实现：client.ts 在 code !== 200 时直接 throw，页面内 notFound 分支几乎不可达；同时 catch 又 router.push({name:'not-found'}) 跳到通用 404 页","P3","未修","-",""
"门户-用户与账号","AuthorPage.vue","获赞 Tab 指标","""平均获赞""= totalLikes/articles、""点赞率""= totalLikes/totalViews，而 totalLikes 是""文章获赞 + 评论获赞""的合计口径，分母却是文章数与文章浏览量","P3","未修","-",""
"门户-用户与账号","AuthorPage.vue","最高获赞","`Math.max(...authorArticles.map(a => a.likes))`，而 Article.likes 在类型定义中是可选的","P3","未修","-",""
"门户-用户与账号","AuthorPage.vue","关注关系后台入口","后台有""消息中心""可管私信，但没有关注/粉丝关系的管理入口（既无列表也无清理）","P3","已修","v13.71","关注关系 SQL 字段用错（id vs userId）"
"门户-内容社区","AuthorPage.vue","接口核对（核对）","无问题：getArticleList({authorId,pageSize}) → GET /portal/article/list（queryWhere 强制 pa.status='published'，草稿/待审文章不会外泄）；getUserStatsById/getUserAchievements 的 userId 作为 query 与后端 @RequestParam(value=""userId"") 一致；follow/follow/check/unfollow 的路径变量 userId 数量与名称一致；getOrCreateSession 读取 resp.data.id 与 MessageSessionVO.id 一致","P3","未修","-",""
"门户-简历中心","ResumeTemplatePage.vue","分页列表","分页参数名与后端不一致：前端发 `page`，PageDomain 只接受 `pageNum`，Spring 绑定忽略未知字段，pageNum 恒为 1","P1","已修","v13.77","分页参数改用 PageDomain 认可的 pageNum（原 page 被 Spring 忽略）"
"门户-简历中心","ResumeTemplatePage.vue","分类 Tab 筛选","分类字段三方错配：后端按实体字符串列 `category` 过滤，但后台简历模板表单维护的是 `categoryId`（且取自面试题分类字典接口），实体与表都没有 category_id / price 列，提交被静默丢弃","P1","已修","v14.13","后台简历模板表单对齐真实模型：分类改字符串 category（allow-create）、是否付费改 isPremium、移除无列的 price；列表改读 category/isPremium；查询改用 category"
"门户-简历中心","ResumeTemplatePage.vue","列表数据范围","门户列表查询未加 status 条件，而后台新增模板默认 status='draft'，草稿态模板直接对外可见、可下载","P1","已修","v13.77","门户模板列表/详情只读 active，草稿不外泄"
"门户-简历中心","ResumeTemplatePage.vue","分类 + 关键词组合搜索","后端 like/or 未用嵌套 wrapper，生成 `category = ? AND title LIKE ? OR description LIKE ?`，OR 优先级导致分类条件被绕过","P2","已修","v14.58","简历模板组合搜索：后端 PortalInterviewServiceImpl#selectResumeTemplatePage 的关键词改为 and(w -> like(title).or().like(description)) 嵌套分组（原为裸 .or()，SQL 变成 category=? AND title LIKE ? OR description LIKE ? ⇒ description 命中即绕过 category/fileType/isPremium 条件，分类筛选形同虚设）"
"门户-简历中心","ResumeTemplatePage.vue","精选角标 / 付费下载","字段口径与文案不符：实体/后端是 `isPremium`，后台表单绑定 `isPaid`+`price`，两者互不通；页面把「付费」字段渲染成「精选」角标，且下载门禁被注释掉","P2","已修","v14.13","后台简历模板表单对齐真实模型：分类改字符串 category（allow-create）、是否付费改 isPremium、移除无列的 price；列表改读 category/isPremium；查询改用 category"
"门户-简历中心","ResumeTemplatePage.vue","分页控件","页码按钮全量渲染（`v-for=""p in totalPages()""`），无省略号窗口","P2","已修","v14.62","简历模板分页：改为窗口化（首尾 + 当前页附近 + 省略号，最多 7 个按钮），原先 v-for=""p in totalPages()"" 把全部页码渲染出来"
"门户-简历中心","ResumeTemplatePage.vue","搜索请求","doSearch 直接调 loadTemplates，同时 page 变化又触发 watch，形成双请求","P3","未修","-",""
"门户-简历中心","ResumeTemplatePage.vue","代码卫生","注释掉的付费门禁代码块仍在；多处「改动史」注释只记录版本与原值（v10.21 高度 h-64→h-44 / padding p-5→p-3.5）","P3","未修","-",""
"门户-简历中心","ResumeTemplatePage.vue","后台入口与字段一致性","后台菜单与视图存在（简历模板，visible=0），但视图字段与实体不匹配（categoryId/isPaid/price 均不存在），列表列 `categoryName`、`likes` 也取不到值","P2","已修","v14.13","后台简历模板表单对齐真实模型：分类改字符串 category（allow-create）、是否付费改 isPremium、移除无列的 price；列表改读 category/isPremium；查询改用 category"
"门户-内容社区","ExperiencePublishPage.vue","加载面经详情","详情不存在时后端返回 code=200 + data=null，页面把 `res.message`（后端 msg「操作成功」）当作错误文案显示","P2","已修","v14.20","发布面经：上锁提前到实名提示之前（消除重复提交窗口）+ 详情不存在时不再把""操作成功""当错误文案"
"门户-内容社区","ExperiencePublishPage.vue","发布面经","重复提交竞态：`submitting` 在 await 实名提示之后才置 true，弹窗/查询网络往返期间按钮仍可点；编辑走 PUT，后端未加防重","P2","已修","v14.20","发布面经：上锁提前到实名提示之前（消除重复提交窗口）+ 详情不存在时不再把""操作成功""当错误文案"
"门户-内容社区","ExperiencePublishPage.vue","发布成功跳转","用 setTimeout 延迟 800ms 跳转，组件卸载时未 clearTimeout","P3","未修","-",""
"门户-内容社区","ExperiencePublishPage.vue","封面图","发布/编辑表单没有封面上传入口，但接口与后端实体、列表页都支持 coverImage","P3","未修","-",""
"门户-内容社区","ExperiencePublishPage.vue","表单校验","年份只有 HTML min/max 属性（按钮是 @click 触发，不参与原生校验），且月份未与年份成对校验","P3","未修","-",""
"门户-内容社区","ExperiencePublishPage.vue","页标题与占位","页面没有可见主标题（pageTitle 只用于面包屑与 SEO），吸顶栏右侧用空 span 占位保持布局","P3","未修","-",""
"门户-内容社区","ExperiencePublishPage.vue","过期注释","注释称编辑发布「由后端走创作者认证校验并更新状态」，后端已明确改为不强制创作者认证，只做 status=pending 提交审核","P3","未修","-",""
"门户-内容社区","ColumnEditPage.vue","保存专栏（新建）","新建专栏被后端强制置为 draft，审核任务只在「敏感词命中转 pending」时才提交，门户侧没有任何提交审核入口；后台专栏管理菜单 visible=1（隐藏），审核按钮又仅对 pending 显示","P1","已订正","v13.85","建议撤回：菜单隐藏是 v8.1 有意设计（合并为文章管理 Tab），审核入口并未缺失"
"门户-内容社区","ColumnEditPage.vue","封面替换 / 清除","上传新封面或点「清除」时立即调用 deletePortalFile 物理删除旧文件，但封面字段只在点「保存」时才落库","P2","已修","v14.45","专栏编辑：更换/清除封面改为""延后清理""（记入 pendingDeleteCover，保存成功后才物理删除），原先立即删旧文件而封面字段要到保存才落库 —— 不保存就丢了旧封面"
"门户-内容社区","ColumnEditPage.vue","分类ID","「分类ID」是手填文本框：无字典下拉、无数字校验，且全站没有专栏分类体系（无字典、无后台菜单），ColumnVO.categoryId 为 Long","P2","已修","v14.45","专栏编辑：分类ID 补注释说明全站尚无专栏分类体系，并保持手填（后端 categoryId 为 Long，非数字会触发转换异常）"
"门户-内容社区","ColumnEditPage.vue","价格","「价格」字段全站没有任何读取方（专栏订阅 toggleSubscribe 完全免费、无支付链路），价格只入库不生效","P2","已修","v14.15","专栏价格""只入库不生效""改为明确告知（订阅接口不读 price、无支付链路），保留字段便于后续接入"
"门户-内容社区","ColumnEditPage.vue","文章关联同步","addArticle/removeArticle 失败只 console.warn 静默吞掉，随后仍提示「专栏创建成功/已更新」并跳转","P2","已修","v14.16","专栏文章关联失败计数并返回，调用方改为如实提示""部分文章关联失败""（原吞掉后仍报完全成功）"
"门户-内容社区","ColumnEditPage.vue","编辑页鉴权","编辑页用公开详情接口预填表单，仅「非 published 且非作者」被拦截；已发布专栏任意登录用户都能打开编辑表单，且该接口对非作者会执行浏览量 +1","P2","已修","v14.58","专栏编辑页鉴权：加载详情后校验作者身份，非作者直接拒绝并提示，不再渲染他人专栏的编辑表单（原先只拦""非 published 且非作者""，已发布专栏对任意登录用户开放，且公开详情接口会给非作者 +1 浏览量）"
"门户-内容社区","ColumnEditPage.vue","保存提交","`submitting` 在 await 实名提示之后才置 true，新建专栏期间按钮与表单可再次提交，后端 save 接口也未加防重","P2","已修","v14.45","专栏编辑：submitting 提前置位 + 在途防重 + 早退复位（原在 await 实名提示之后才置位，期间可重复提交）"
"门户-内容社区","ColumnEditPage.vue","冗余代码与过期注释","面包屑栏保留空 div；多处「v1.1.3 新增」改动史注释；保存后 `res.data ?? editId.value` 加两级不可达兜底分支（成功时 res.data 必为专栏 ID）","P3","未修","-",""
"门户-内容社区","ColumnEditPage.vue","页标题","页面无可见主标题（pageTitle 只用于面包屑与 SEO），吸顶栏右侧同样是空容器","P3","未修","-",""
"门户-学习工具","CodeRunnerPage.vue","运行代码","后端 `POST /portal/code/run` 被临时禁用，无条件返回 `AjaxResult.error(503, ""代码执行功能正在升级安全沙箱，暂时不可用"")`；前端 `handleRun` 走 `catch` 只弹 toast，页面主体功能 100% 不可用，但路由与页面仍在线","P1","已修","v13.71","判题沙箱：样例标记、输出读取、超时判定"
"门户-学习工具","CodeRunnerPage.vue","页面入口","全站没有任何链接指向 `/tools/code`（仅在 router 注册 + 页面自身 canonical 中出现），SEO 也是 noindex，页面成为孤岛；首页学习宫格的「在线编程」指向的是另一个功能 `/learn/practice/coding`","P2","未修","-",""
"门户-学习工具","CodeRunnerPage.vue","运行失败结果展示","失败时 `result` 保持 null，右侧面板回落到""点击「运行代码」查看输出结果""空态，失败原因只存在于 toast；无持久错误区、无失败状态标签（statusLabel 的 failed/timeout 分支实际只在历史记录里用得到）","P2","已修","v14.16","在线运行失败改为输出面板常驻错误区（原失败原因只存在于一瞬 toast，面板回落空态无处可查）"
"门户-学习工具","CodeRunnerPage.vue","面包屑与归属","面包屑写死为「面试指南(/interview) → 在线编程」，但页面路由与 canonical 都在 `/tools/code`，归属学习工具区，父级路径与页面实际位置不符","P3","未修","-",""
"门户-学习工具","CodeRunnerPage.vue","运行历史抽屉","`openHistory` 仅在 `history.length === 0` 时才请求，运行完新代码后再次打开抽屉不会刷新；`httpGetList` 还带 TTL 列表缓存，历史列表会长期停留旧数据","P3","未修","-",""
"门户-学习工具","CodeRunnerPage.vue","多余代码","`useRouter` 导入与 `const router = useRouter()` 全页未被使用（页面内没有任何路由跳转）","P3","已修","v14.00","移除未使用的 router 变量与 useRouter 导入"
"门户-学习工具","CodeRunnerPage.vue","沙箱阈值与语言枚举","""超时 5s · 输出限 1MB""（第 292 行）、SEO 描述里的""超时 5 秒/输出截断 1MB""（第 69 行）、语言列表 `['python','javascript','java']`（第 245 行）与状态文案（第 175-207 行）全部硬编码，与后端 `CodeExecutorService` 的 `TIMEOUT_MS=5000`、`MAX_OUTPUT_BYTES=1MB`、`MAX_CODE_LENGTH=64KB` 各写一份；前端还没有代码长度(64KB)/stdin 上限提示","P3","已修","v13.71","判题沙箱：样例标记、输出读取、超时判定"
"门户-学习工具","CodeRunnerPage.vue","后台菜单与入口","后台完全没有代码运行记录的菜单或视图：admin.menus.json 中检索""运行/沙箱/codeRun""零命中，views/portal 下无 codeRun 目录；后端也只有面向本人的 `/portal/code/my/runs`，没有任何管理端查询接口","P3","已修","v13.71","判题沙箱：样例标记、输出读取、超时判定"
"门户-学习工具","CodeRunnerPage.vue","API 模块冗余","`api/codeRun.ts` 导出的 `getCodeRunDetail`（对应后端 `GET /portal/code/run/{id}`）在整个门户前端无任何调用点","P3","已修","v13.87","代码运行维护态：配置驱动 + 前端置灰与常驻说明"
"门户-阅读空间","ReadingPage.vue","精选书单「查看更多」","「精选书单」标题右侧的「查看更多」按钮没有任何 `@click`，是纯装饰按钮（同页其他区块的查看更多都有跳转）","P2","已修","v14.38","读书空间：精选书单「查看更多」补跳转（原为无 @click 的装饰按钮）"
"门户-阅读空间","ReadingPage.vue","收藏书单状态加载","注释写""登录用户批量查询收藏状态""，实现是 `bookLists.forEach` 内逐个 `checkBookListBookmark`，6 个书单就是 6 次串行 GET，后端 `selectBookmark` 也逐条查库；另 `.catch(() => {})` 静默吞掉失败","P2","已修","v14.19","阅读首页收藏状态改为一次批量查询（新增 GET /portal/reading/book-lists/bookmarks + mapper 批量 SQL），消除 N+1 请求与静默吞错"
"门户-阅读空间","ReadingPage.vue","切换书单收藏","`handleToggleBookmark` 失败只 `console.error`，不回收 UI、不提示；`toggleBookListBookmark` 返回体里的 `message`（收藏成功/已取消收藏）被丢弃","P3","未修","-",""
"门户-阅读空间","ReadingPage.vue","「最近更新」区块","该区块用 `getRanking('new', 6)`，后端 `new` 走 `order by create_time desc`（新入库书籍），并非 `last_update_time` 最近更新；区块标题、注释都按""最近更新""宣传","P2","已修","v14.39","读书空间「最近更新」：后端新增 ranking type=updated（last_update_time desc）+ mapper orderBy=update，前端改用该类型（原用 new=create_time，实为""新书上架""，名不副实）"
"门户-阅读空间","ReadingPage.vue","「连载中」区块","该区块用 `getRanking('word_count', 6)`，即 type=novel + `word_count desc` 的字数榜，完全没有过滤 `serial_status='ongoing'`，已完结长书会排进""连载中""；`BookQuery` 甚至没有 serialStatus 字段","P2","已修","v14.39","读书空间「连载中」：BookQuery 增加 serialStatus 字段 + 排名 type=ongoing（serial_status=ongoing），前端改用该类型（原用 word_count 字数榜，未过滤连载状态）"
"门户-阅读空间","ReadingPage.vue","首页空态","精选书单/热门书籍/最近更新/连载中/完结好评/金句六个区块全部 `v-if=""length > 0""`，数据全空时整页只剩标题与页脚，没有任何空态文案或引导","P2","已修","v14.38","读书空间：新增首页空态（六区块全空时给出说明与「去发现/重试」引导，原来只剩标题与页脚）"
"门户-阅读空间","ReadingPage.vue","排行榜区块加载态","`loadRankingSections` 三个请求并行发出但不设置任何 loading/骨架，区块在数据到达后才突然出现，且失败时只 `console.error` 后直接不渲染","P3","已修","v14.33","读书空间：排行榜区块失败给出可见提示条 + 重试（原仅 console.error）"
"门户-阅读空间","ReadingPage.vue","模板冗余","三个 `v-for` 都声明了 `index` 却从未使用：`(bookList, index)`、`(book, index)`、`(quote, index)`","P3","未修","-",""
"门户-阅读空间","ReadingPage.vue","区块标题与连载/完结徽标","「最近更新」「连载中」「完结好评」标题、卡片上的""连载中""徽标、""完结""徽标（含硬编码色值 #16a34a）全部写死在模板里；项目已有 `portal_book_serial_status` 字典（后台书籍管理已在用）和 BookDetailPage 的映射函数","P3","已修","v14.39","读书空间「连载中」：BookQuery 增加 serialStatus 字段 + 排名 type=ongoing（serial_status=ongoing），前端改用该类型（原用 word_count 字数榜，未过滤连载状态）"
"门户-阅读空间","ReadingPage.vue","金句卡片字段与图标","金句点赞数用 Star（星形）图标渲染 `quote.likeCount`，语义上是""评分""；同时 `quote.bookCover / quote.bookTitle / quote.book?.cover` 等嵌套 `book` 对象的回退分支永远不会命中（后端 `BookQuoteVO` 只有平铺的 bookTitle/bookCover，无 book 字段）","P3","未修","-",""
"门户-阅读空间","ReadingPage.vue","过期注释（改动史）","注释「// 第三阶段：排行榜区块（最近更新 / 连载中 / 完结好评）」「// 第三阶段：并行加载排行榜区块」以及 api/reading.ts 的「（v1.0 新增）」「（v1.0 第二阶段新增）」「v1.0 第三阶段新增」「v4.4 补齐」都是记录改动史/阶段编号的注释，不解释当前实现原因","P3","未修","-",""
"门户-阅读空间","ReadingPage.vue","响应式排版","后端首页 `/portal/reading/home` 固定返回 8 本书（`new Page<>(1, 8)`），前端热门书籍用 `lg:grid-cols-5`，第二行只剩 3 个卡片，右侧留白明显","P3","未修","-",""
"门户-阅读空间","ReadingPage.vue","后台可配置性","无问题：首页的精选书单/精选书籍/精选金句都能由后台维护（书单 is_featured、书籍 is_featured、金句 is_featured），菜单齐全","P3","未修","-",""
"门户-内容社区","ListPage.vue","「本栏推荐」筛选","页面的 `isCategoryRecommended` 只从 URL query `categoryRecommended=true` 读取，但全站没有任何地方生成该 query（首页主题 Tab 的 viewMore 是 `router.push('/category/{name}')`），后端 `/portal/article/categoryRecommended` 是另一个地址","P2","未修","-",""
"门户-内容社区","ListPage.vue","分页竞态","`watch(currentPage, () => loadArticles())` 直接发请求，没有请求序号/AbortController，也没有""丢弃过期响应""的判断；`loading` 与 `error` 是共享状态","P2","已修","v14.15","文章列表加请求序号守卫：过期响应/异常不覆盖当前状态，只有最后一次请求能关 loading"
"门户-内容社区","ListPage.vue","侧栏「合作推广」卡片","整张推广卡（文案""成为认证创作者""、渐变 #4f46e5→#7c3aed、链接 /creator/certification）硬编码在模板里；而项目已有广告位体系：`AdCard` 组件 + `GET /portal/ad/list?slotKey=`，详情页已在用 `article_detail_sidebar`/`article_detail_bottom`，后台有「广告位管理」(menuId 17, cms/ad/index, perms cms:ad:list)","P2","已修","v14.28","文章列表侧栏写死推广卡改为广告位 AdCard（article_list_sidebar，已登记字典），并清理不再使用的图标导入"
"门户-内容社区","ListPage.vue","未使用导入与函数","`import * as categoryApi from '@/api/category'` 与 `import type { Article as ApiArticle }` 均未使用；`isSpecialPageName` 定义后无调用","P3","已修","v14.00","移除未使用类型导入 ApiArticle"
"门户-内容社区","ListPage.vue","本地重复类型","页面自己重新定义了 `User`/`Article` 接口（第 26-45 行），与 `@/types/api` 的 Article 及 `@/utils/articleTransform` 的返回类型重复；`allArticles.value = apiArticles.map(transformArticle) as unknown as Article[]` 用双重断言强行压过类型系统","P3","未修","-",""
"门户-内容社区","ListPage.vue","侧栏热门文章","为了侧栏 5 条热门，调用 `articleApi.getHomeData()` 拉取整个首页聚合（后端一次跑轮播+精选+热门+最新 4 次分页查询，最新还取 20 条），前端再 slice(0,5) 丢弃大部分数据","P3","未修","-",""
"门户-内容社区","ListPage.vue","错误信息丢失（死分支）","`if (response.code === 200 && response.data) {...} else { error.value = response.message }` 的 else 分支不可达：`httpGetList` 在 `code !== 200` 时直接 reject（fetchListPage 内 `if (!response.ok |  | data.code !== 200) reject(...)`），因此后端的具体业务提示永远进不到 error","P3","已修","v13.74","列表分页字段与缓存口径"
"门户-内容社区","ListPage.vue","查询参数类型契约","`loadArticles` 用 `const params: any` 绕过类型检查，实际发送 `pageNum/tagName/isCategoryRecommended`，而共享类型 `ArticleListParams` 只声明了 `page/pageSize/categoryName/tag/...`，既没有 pageNum/pageSize（后端 PageDomain 只认 pageNum/pageSize，不认 page），也没有 tagName/isCategoryRecommended","P3","未修","-",""
"门户-内容社区","ListPage.vue","页标题与语义结构","页面正文没有任何可见主标题（无 h1/h2，分类名只出现在面包屑与 SEO title 中），`pageTitle` 仅用于 useHead","P3","未修","-",""
"门户-内容社区","ListPage.vue","过期注释","第 102 行 `// 转换API文章为前台格式：使用 @/utils/articleTransform 的统一实现` 悬在无代码处（实际转换在 247 行内联），属历史重构残留；后端 `PortalArticleController` 顶部的「前端 getHotArticles 仅定义未调用，home 已聚合」也已失效（前端该函数已不存在）","P3","未修","-",""
"门户-内容社区","ListPage.vue","侧栏「浏览全站」链接","4 条固定链接（全部文章/名家录/读书空间/面试指南）硬编码在模板中，无数据来源","P3","未修","-",""
"门户-内容社区","ListPage.vue","接口与参数核对","无问题：`GET /portal/article/list` 的 pageNum/pageSize/categoryName/tagName/isCategoryRecommended 与后端 ArticleQuery 字段逐项一致，分页信封由 httpGetList 归一化为 list/total，`/portal/tag/hot?limit=15`、`/portal/article/home` 均与 Controller 签名一致","P3","未修","-",""
"门户-AI语音面试","VoiceEngineDemoPage.vue","三引擎联动","runFullPipeline 用裸 setTimeout(1500) 延迟启动 ASR，id 未保存也未在卸载时清理；组件卸载时 composable 只 abort 当前会话，1.5s 后定时器仍会执行 resetAsr()+startAsr()","P2","已修","v14.60","语音引擎验证页：联动延时器持有 id 并在 onUnmounted 清理（原先裸 setTimeout 未清理，组件卸载后 1.5s 仍会执行 resetAsr()+startAsr()，在已离开的页面重新申请麦克风）"
"门户-AI语音面试","VoiceEngineDemoPage.vue","ASR 错误提示","直接把 composable 的 errorMessage 原文渲染（'not-allowed'、'server-asr-failed'、SpeechRecognition 的 'network' 等内部错误码），页面未做任何映射","P2","已修","v14.21","ASR 内部错误码映射为可读文案（原样码保留在 title 便于排查）"
"门户-AI语音面试","VoiceEngineDemoPage.vue","三引擎联动入参","runFullPipeline 直接调用 fetchHint(questionId.value, 1)，未复用 handleFetchHint 的 `questionId <= 0` 校验；输入框被清空时 v-model.number 得空串，会带着空 questionId 请求后端","P3","已修","v14.60","语音引擎验证页：联动延时器持有 id 并在 onUnmounted 清理（原先裸 setTimeout 未清理，组件卸载后 1.5s 仍会执行 resetAsr()+startAsr()，在已离开的页面重新申请麦克风）"
"门户-AI语音面试","VoiceEngineDemoPage.vue","页面级死代码","空的 onMounted 钩子（注释""不自动调用，等用户点击""）、定义后从未使用的 asrFullText computed（模板只用 interimText/finalText）、从 useInterviewHint 解构却从未使用的 resetHint（reset: resetHint），以及仅为 asrFullText 服务的 computed 导入","P3","已修","v14.00","移除未使用的 computed 导入与 resetHint 解构"
"门户-AI语音面试","VoiceEngineDemoPage.vue","题目ID输入","questionId 初始值与默认播报文案写死（ref(1) 与一段固定的自我介绍引导语），页面又在多处依赖该 ID 调 hint 接口","P3","未修","-",""
"门户-AI语音面试","VoiceEngineDemoPage.vue","页面存留（生产路由）","V10.0 开发验证页仍在生产路由 /interview/voice-demo 上可达（requiresAuth + noindex），页面正文自述""仅用于 V10.0 开发验证，后续将被正式语音面试页面替代""，功能与 VoiceInterviewPage 大量重复","P2","未修","-",""
"门户-AI语音面试","VoiceEngineDemoPage.vue","HintEngine 阈值与话术","关键词上限 12、L1 取词数 2、中英文停用词表、STAR 播报话术全部写死在后端常量与字符串里，页面上""L1/L2/L3""分级与话术完全由这些常量决定","P3","未修","-",""
"门户-AI语音面试","VoiceEngineDemoPage.vue","接口契约核对（hint/keywords）","核对通过：GET /portal/interview/voice/hint 与 /keywords 的路径、方法、questionId/level 参数名与类型一致，返回 HintVO 的 level/title/keywords/structureHint/examinePoints/speakText 与前端 HintVO 逐字段对应，未登录时后端返回 401 且前端有兜底提示","P3","未修","-",""
"门户-学习工具","ChoicePracticePage.vue","选项作答与判分","历史选择题数据存在 correctAnswer 为空、仅 options JSON 内 is_correct 标记答案的形态（后台编辑页专门写了兼容分支），此时 isChoiceAnswerCorrect 因 correctAnswer 为空直接 return false，用户选对也判错，且服务端不下发 correctAnswer/analysis（只有 isChoice 分支才 set）","P1","已修","v13.84","选择题判分：correctAnswer 为空时从 options.is_correct 反推答案"
"门户-学习工具","ChoicePracticePage.vue","做题前置校验","页面只用 options.length 判断""是否选择题""（hasOptions），从不校验 question.practiceMode === 'choice'；若某题配了 options 但 practiceMode 为 reading，后端走主观题分支（content 为空 → isSuccess=false），前端传的是 answer 不是 content","P2","已修","v14.60","选择题练习：做题前置校验同时看 practiceMode（原先只按 options.length 判断，若题目配了选项但 practiceMode=reading，后端走主观题分支而前端提交 answer ⇒ 必然判失败）"
"门户-学习工具","ChoicePracticePage.vue","上一题／下一题切题","watch(route.params.id) 触发 loadQuestion 后没有任何请求序号或 AbortController，快速点「下一题」会并发多次 getQuestionDetail/getQuestionNeighbor，先发后到的响应会覆盖后发的结果","P2","已修","v14.37","选择题练习：切题加请求序号守卫（过期响应丢弃，避免题干与选项错配）"
"门户-学习工具","ChoicePracticePage.vue","难度展示","DIFFICULTY_MAP 把 easy/medium/hard 的中文与配色写死在页面（列表页 PracticeChoiceListPage 又重复了一份同样的表），而后台已有字典 portal_question_difficulty（简单/中等/困难）","P3","未修","-",""
"门户-学习工具","ChoicePracticePage.vue","选项结构定义","本地 QuestionOption 定义了 is_correct 字段（注释""仅本地预填态展示用""），但详情接口已由 sanitizeOptionsForClient 剥离 is_correct，该字段永远不会出现，是死字段","P3","未修","-",""
"门户-学习工具","ChoicePracticePage.vue","注释准确性","注释""服务端权威判分结果（后端已隐藏正确答案，客户端无法比对）""与后端事实不符：详情接口 selectQuestionDetailById 明确正常下发 correctAnswer（源码注释即""阅读定位：correct_answer/analysis 正常下发""），页面自身也在用 question.correctAnswer 判断单选/多选","P3","未修","-",""
"门户-学习工具","ChoicePracticePage.vue","路由参数兜底","直接用 route.params.id 参与请求（getQuestionDetail／getQuestionNeighbor），没有数字校验或非法值兜底；/learn/practice/choice/abc 之类会直接打到后端 Long 转换失败","P3","已修","v14.32","选择题练习：非数字题目 id 前置拦截"
"门户-学习工具","ChoicePracticePage.vue","提交结果分支","提交后只在 `res.code === 200 && res.data` 时更新判定状态，没有 else 兜底；client 只在 code!==200 时 reject，code=200 但 data 为空的分支会让函数静默走完（既不置 submitted 也不报错） | 极端情况下用户点""提交答案""后界面毫无反应，按钮恢复可点，用户反复点击造成重复提交 | 补 else 分支：submitError = res.message","P3","未修","-",""
"门户-学习工具","ChoicePracticePage.vue","接口契约核对（详情/邻居/提交）","核对通过：GET /portal/interview/question/{id}、/{id}/neighbor、POST /{id}/submit 的路径与方法一致；提交 body 的 answerType='choice' 与 answer='A' 或 'A,B,C' 与后端读取口径一致，多选逗号拼接经 normalizeChoiceAnswer 归一化后与后台生成的 A-Z 单字母选项标签完全对齐；返回 passed/correctAnswer/analysis 与前端读取字段一致；分页信封未涉及","P3","未修","-",""
"门户-工具与其它","ReportFeedback.vue","图片上传（登录门禁）","选择图片即调用 uploadImage 上传，上传前不做 isAuthenticated 校验，而 /portal/file/upload 未在 PortalSecurityConfig 放行、由 anyRequest().authenticated() 拦截","P2","已订正","v13.72","原判断有误：@VipOnly 返回 false 是**拒绝**而非 fail-open；已在清单/CSV 以【订正】标注"
"门户-工具与其它","ReportFeedback.vue","图片上传失败反馈","httpUpload 只在 401 时抛错，业务失败（code!==200，如类型/大小/存储被后端拒绝）仍会 resolve 返回信封；页面只判断 res.data?.fileUrl，拿不到就静默跳过，循环结束后无条件 toast.success('图片上传成功')","P2","已修","v14.13","举报反馈图片上传按真实结果提示（成功/部分失败/全部失败），原无论成败都提示成功"
"门户-工具与其它","ReportFeedback.vue","移除已上传图片","removeImage 只从本地数组 splice，不调用后端删除；提交成功后重置表单同样只清空数组，用户放弃表单（直接离开）时已上传文件也无回收","P2","已修","v14.45","举报页：移除图片时先确认再调用 deletePortalFile 清理已上传文件（原只 splice 本地数组，产生孤儿文件）"
"门户-工具与其它","ReportFeedback.vue","举报/反馈类型枚举","字典类型 cms_report_type / cms_feedback_type 在后台只登记了类型、没有任何字典项（字典全量缓存中只有 types 条目），因此 useDictData 永远返回空数组，页面 100% 走本地 DEFAULT_REPORT_TYPES／DEFAULT_FEEDBACK_TYPES","P2","已修","v14.45","举报/反馈类型：增量脚本 20261001-08 补齐字典项（举报 5 项 + 反馈 4 项，连续执行两次均 5/4 幂等）+ DML 同步；原先字典类型无字典项 ⇒ useDictData 恒空、100% 走本地兜底且后台无法维护"
"门户-工具与其它","ReportFeedback.vue","温馨提示文案","硬编码""我们会在收到后的 3 个工作日内处理您的举报""与""客服热线：400-888-8888""（同一假号码也出现在用户协议页），请求与处理时限是服务承诺，号码是无主占位号","P2","已修","v14.26","举报页：去掉占位客服热线（与协议页同一假号），服务承诺时限改为不计期限表述，联系方式改用同源邮箱常量"
"门户-工具与其它","ReportFeedback.vue","图片证据张数","最多 3 张只在前端 MAX_IMAGES 限制，后端 PortalReport.images 无 @Size 或张数校验（实体注释仅写""最多3张""），Controller 直接 insert","P2","已修","v14.58","举报证据图服务端校验：PortalReportFeedbackController 新增 validateEvidenceImages（最多 3 张、每项非空），原先只在前端 MAX_IMAGES 限制、后端 images 无任何校验"
"门户-工具与其它","ReportFeedback.vue","表单长度约束","三个文本输入（目标链接、详细描述、反馈主题）都没有 maxlength 或基于字典的字符计数，而后端分别限 500/2000 字符（@Size）","P3","未修","-",""
"门户-工具与其它","ReportFeedback.vue","Tab 切换与提交态","举报/反馈切换不提示未保存内容，已填文本会被静默丢弃（切换后 v-model 仍在各自 ref 中，但用户视角是换了表单）；两个 Tab 共用同一个 isSubmitting，一个 Tab 提交中时另一个 Tab 的按钮也显示""提交中...""并被禁用","P3","未修","-",""
"门户-工具与其它","ReportFeedback.vue","提交目标上下文","举报接口与后端都支持 targetType/targetId（后端 buildReportExtra 会写入审核详情），但页面只有自由文本 targetUrl 输入框、也不读 route.query，仓库内也没有任何页面带参跳转到 /report","P2","已修","v14.45","举报页：从 route.query 接收 targetType/targetId（收敛到 ReportTargetType 枚举）并随提交一并上报，原页面只有自由文本 targetUrl、无上下文入口"
"门户-工具与其它","ReportFeedback.vue","成功后的表单重置","提交成功后用裸 setTimeout(2000) 复位表单与 submitSuccess，定时器未保存也未在卸载时清理（两个提交方法各一处）；期间用户点「我的举报/我的反馈」跳走，定时器仍会写已卸载组件的 ref","P3","未修","-",""
"门户-工具与其它","ReportFeedback.vue","接口契约核对（提交举报/反馈）","核对通过：POST /portal/report/submit 与 /portal/feedback/submit 路径方法一致；reportType/targetUrl/description/contact 与 PortalReport 校验字段同名，feedbackType/subject/description/contact 与 PortalFeedback 同名；images 由 api 层 JSON.stringify 为字符串以匹配实体 String 类型；未登录时前端 requireAuth 与后端 401 双保险一致","P3","未修","-",""
"门户-AI语音面试","ExperienceDetailPage.vue","发表评论 / 发表回复","后端 `insertComment` 返回 `int`（影响行数），Controller 直接 `AjaxResult.success(int)`，前端 `publishComment` 声明为 `httpPost<InterviewCommentVO>` 并把 `res.data` 当评论对象插入列表：`comments.value = [res.data, ...comments.value]`、`parent.replies.push(res.data)`。返回值为 `1`，被当作对象 push 进列表","P1","已修","v13.81","评论新增返回 VO 契约"
"门户-AI语音面试","ExperienceDetailPage.vue","作者信息展示","详情接口 `selectExperienceDetailById` 用 `experienceMapper.selectById` 取实体，而 `userNickname`/`userAvatar` 是 `@TableField(exist = false)` 瞬态字段，该方法从未回填；`toExperienceVO` 中作者信息只有一行“省略用户名查询”的注释","P2","已修","v14.63","面经详情/列表作者信息：新增 fillExperienceAuthors 按 userId 去重后**一次批量查询**回填 userNickname/userAvatar，列表与详情两个入口均调用（原 toExperienceVO 里只有一行""这里省略用户名查询""的注释，作者名/头像恒为空；同时避免逐条查询造成 N+1）"
"门户-AI语音面试","ExperienceDetailPage.vue","子评论“回复 @某人”","字段名前后端不一致：前端读 `reply.replyToUser.nickname`（对象），后端 `InterviewCommentVO` 只有 `replyToUserNickname`（字符串），而 `toCommentVO` 仅 `BeanUtils.copyProperties(entity, vo)`，实体 `PortalInterviewComment` 根本没有 nickname/avatar 字段，`setReplyToUserNickname` 全仓库无调用","P2","已修","v14.48","面经详情子评论：按后端实际字段 replyToUserNickname（字符串）读取并保留旧结构兼容（后端 toCommentVO 仅 copyProperties，原 replyToUser.nickname 恒不显示）"
"门户-AI语音面试","ExperienceDetailPage.vue","评论列表加载态 / 空态","`loadComments` 的 catch 只 `console.error`，未设置任何错误状态；模板在 `commentLoading` 为 false 且 `comments` 为空时无条件渲染“还没有评论，来抢沙发吧~”","P2","已修","v14.14","面经详情评论加载失败态（排在空态之前）+ 重试，原失败会被说成""还没有评论"""
"门户-AI语音面试","ExperienceDetailPage.vue","评论区计数与分页","`getCommentList` 固定传 `pageSize: 50`、不传 `pageNum`，无任何分页控件或“加载更多”；标题计数用 `comments.length`（已加载条数）而非接口返回的 `total`","P2","已修","v14.48","面经详情评论区：改为分页加载（20/页 + 加载更多按钮），标题计数改用接口 total（原固定 50 条、无分页入口、计数用已加载条数）"
"门户-AI语音面试","ExperienceDetailPage.vue","评论发布 / 点赞门禁","评论输入框、发布按钮、点赞按钮均无登录前置校验，匿名用户可完整输入后提交；后端 `POST /portal/interview/comment`、`/experience/{id}/like`、`/comment/{id}/like` 均要求登录并返回 401","P3","未修","-",""
"门户-AI语音面试","ExperienceDetailPage.vue","正文 Markdown 渲染（暗色主题）","页面 scoped 样式用 `:deep()` 硬编码浅色主题色（`color:#1f2937`、`code{background:#f3f4f6}`、`pre{background:#111827}`、`blockquote{color:#6b7280;background:#f9fafb}`），而全站主题变量在 `.dark` 下为深色底；`MarkdownRenderer` 本身已用 Tailwind prose 的 `dark:` 变体做过适配，此处属覆盖+重复实现","P2","已修","v14.25","面经详情正文样式由浅色硬编码改主题变量（暗色主题下标题/引用原几乎不可见）"
"门户-AI语音面试","ExperienceDetailPage.vue","时间展示","评论时间直接输出后端原始串 `comment.createTime`（父评论与子评论各一处），未走站内统一的 `formatRelativeTime`；面经正文区只展示可选的 `year`/`month`，完全没有 `createTime` 发布时间","P3","未修","-",""
"门户-AI语音面试","ExperienceDetailPage.vue","SEO / 结构化数据","`useHead` 只传 title/description，未传 `type:'article'`、`image`（封面）、`author`、发布时间，也未调用仓库里现成的 `generateArticleJsonLd`；同为内容详情页的 `ArticleDetailPage` 已接","P3","未修","-",""
"门户-AI语音面试","ExperienceDetailPage.vue","代码卫生（类型与兜底）","三处 `(vo as any)` 强制转型：类型 `InterviewExperienceVO`/`InterviewCommentVO` 已声明 `user`/`userNickname`/`userAvatar`，转型多余且绕过类型检查；`if (!vo)` 分支内又写 `(vo as any)?.id`，该表达式恒为 undefined，属死逻辑；`route.params.id` 未做数字校验，非数字路径会直打后端 `@PathVariable Long`","P3","未修","-",""
"门户-AI语音面试","ExperienceDetailPage.vue","接口契约核对（通过项）","无问题：`getExperienceDetail` → `GET /portal/interview/experience/{id}`（PathVariable 名 `id`，路径变量数量与命名一致）；`toggleExperienceLike`/`toggleCommentLike` → `POST .../{id}/like`，后端返回 `Map{liked,likeCount}`，前端按 `res.data.liked`/`likeCount` 解析一致；`getCommentList` → `GET /portal/interview/comment/list`，查询参数 `experienceId` 与 `InterviewCommentQuery.getExperienceId()` 一致；分页参数 `pageNum/pageSize` 与后端 `PageDomain` 一致，`httpGetList` 已把 `Page.records` 归一化为 `data.list`，`total` 一致","P3","未修","-",""
"门户-学习工具","KnowledgeGraphPage.vue","汇总统计与标签云口径","后端只返回题目数 Top 60 的标签（`KNOWLEDGE_NODE_LIMIT = 60`，SQL `ORDER BY question_count DESC LIMIT #{limit}`），但其 `total` 字段被 SQL 覆盖为该标签的全站题量，页面把这份截断数据当作全量渲染：“知识点标签/关联题目”两张汇总卡、标签云、关系图都只覆盖前 60 个标签，且页面没有任何“Top 60”标注","P2","已修","v14.62","知识图谱：注明汇总/标签云口径为""题目数 Top 60 标签""（后端 SQL ORDER BY question_count DESC LIMIT 60，页面原当全量渲染）"
"门户-学习工具","KnowledgeGraphPage.vue","知识关系图（环形布局）","节点被均匀放在固定半径 220、viewBox 600×600 的圆环上，半径与字号只按题量映射，不做重叠消解；节点上限 60 时圆周约 1382px，平均间距约 23px，而 4 字标签在 12px 字号下约 48px 宽，标签必然互相压盖（标签云虽可换行，但关系图不能）","P2","未修","-",""
"门户-学习工具","KnowledgeGraphPage.vue","掌握度分级阈值与图例","掌握度分级阈值硬编码且重复四处：`masteryColor` 内的 30/60/85、`stats.mastered` 的 `>= 85`、汇总卡文案“已掌握(≥85%)”、颜色图例的 `<30%/30-60%/60-85%/≥85%`；颜色值也在函数与图例里各写一遍","P3","未修","-",""
"门户-学习工具","KnowledgeGraphPage.vue","岗位必备技能提示","提示文案写“红色为图谱中未掌握，建议重点突破”，但判定用的是 `weakTagNames.has(skill)`（画像 `weakTags`，即失败率高的标签），并非“未掌握”；从未练习过的技能既不在 weakTags 也不在图谱 mastery>0 集合里，会被渲染成绿色“已掌握”","P3","未修","-",""
"门户-学习工具","KnowledgeGraphPage.vue","画像数据加载失败降级","`getMyProfile({}).catch(() => null)` 把画像接口异常全部吞掉，失败时 `profile` 保持 null，薄弱点侧栏与必备技能区块整体不渲染","P3","已修","v14.33","知识图谱：画像加载失败降级为全局标签云并明确说明 + 重试（原静默降级）"
"门户-学习工具","KnowledgeGraphPage.vue","数据为空时的空态兜底","`graph.value = graphRes.data` 直接赋值，模板只在 `v-else-if=""graph""` 为真时渲染内容；若接口返回 `code=200` 但 `data` 为 null，加载态与错误态都为假，主内容区一片空白，既无空态也无重试入口","P3","未修","-",""
"门户-学习工具","KnowledgeGraphPage.vue","代码卫生（调用与 key）","`getMyProfile({})` 传空对象，`httpGet` 对 truthy 的 `{}` 也会拼查询串，实际请求变成 `/portal/interview/profile?` 带一个多余问号（与仓库中其他页 `getMyProfile()` 不传参的写法不一致）；`requiredSkills` 渲染用 `:key=""skill""`，技能名重复时会触发 key 冲突告警并可能渲染异常","P3","未修","-",""
"门户-学习工具","KnowledgeGraphPage.vue","关系图可访问性","SVG 节点用 `<g @click>` 绑定跳转，但无 `tabindex`、无 `role=""button""`、无键盘事件，焦点无法落上去；标签云一侧用的却是原生 `<button>`，两处交互元素的语义与可达性不一致","P3","未修","-",""
"门户-学习工具","KnowledgeGraphPage.vue","接口契约核对（通过项）","无问题：`getKnowledgeGraph()` → `GET /portal/learn/knowledge-graph`（`@Anonymous`，`userId` 可选，未传且已登录时后端回退当前用户，与页面注释一致）；返回 `KnowledgeGraphVO{nodes,edges,userId}` 与前端 `KnowledgeGraph` 字段、`KnowledgeNodeVO` 与 `KnowledgeNode` 字段（tagId/name/questionCount/total/solved/mastery）逐项一致；`getMyProfile` → `GET /portal/interview/profile`，`position`/`scene` 参数名一致，需登录与页面 `isAuthenticated()` 门禁一致","P3","未修","-",""
"门户-内容社区","FeedPage.vue","动态目标跳转（查看详情）","`targetPath` 只处理 `article`/`experience`/`column` 三种 `targetType`，其余一律返回 null 导致“查看详情”按钮整块不渲染；而后端实际写入的 targetType 至少还有 `topic`、`question`、`book`、`booklist`、`quote` 五种","P1","已修","v13.74/v13.81","动态跳转补 question/topic 类型"
"门户-内容社区","FeedPage.vue","动态类型文案与图标","`eventTypeText` 只枚举 4 种（publish_article/publish_experience/new_column/checkin），`actionIcon` 同样只有 4 个 case；后端实际产出至少 10 种：另有 `solve_question`、`create_topic`、`finish_book`、`create_booklist`、`write_quote`、`column_new_article`；而 `checkin` 在后端全仓库无任何写入点，是纯死分支","P2","已修","v14.38","动态页：事件类型文案与图标补齐后端实际产出的 6 种（solve_question/create_topic/finish_book/create_booklist/write_quote/column_new_article），并移除全后端无写入点的死分支 checkin"
"门户-内容社区","FeedPage.vue","触底加载更多失败处理","`loadMore` 失败时只设置 `error` 并把页码回退，但错误 UI 的渲染条件是 `v-else-if=""error && list.length === 0""`，列表非空时该分支被前面条件屏蔽，错误永不显示；IntersectionObserver 只在交叉状态变化时回调，哨兵已处于可见状态不会再触发，页面也没有任何重试入口","P2","已修","v14.16","动态流：loadMore 业务失败也回滚页码并报错；哨兵区补内联""加载更多失败+重试""（原错误块被列表非空条件屏蔽）"
"门户-内容社区","FeedPage.vue","Tab 切换与在途请求竞态","`loadMore` 在请求前自增 `page` 并以当时的 `activeTab` 选择接口，但响应回来后无论当前 Tab 是哪个都无条件把返回的 `data.list`（空值兜底后）拼接到 `list`；`watch(activeTab)` 会重置 `list`/`page` 并发起新 Tab 请求，两个 Tab 的 URL 不同也无法被 `httpGetList` 的并发去重合并","P2","已修","v14.16","动态流：loadMore 业务失败也回滚页码并报错；哨兵区补内联""加载更多失败+重试""（原错误块被列表非空条件屏蔽）"
"门户-内容社区","FeedPage.vue","首屏与 401 降级的重复加载","`onMounted` 中先把 `activeTab` 改成 following，该赋值会触发 `watch(activeTab)` 回调再跑一次 `loadList(true)`，随后第 103 行又显式 `await loadList(true)`；同理 401 降级分支在 catch 里把 `activeTab` 置为 hot（触发 watch）之后又显式 `await loadList(true)`，一次降级发两次列表请求","P3","未修","-",""
"门户-内容社区","FeedPage.vue","页面标题与结构元素","页面顶部只有吸顶面包屑，模板内没有 `<h1>`/页标题元素（标题只存在于 `useHead` 的 SEO 元信息中）；面包屑栏右侧还留了一个空的 `<div class=""flex items-center gap-2""></div>` 占位容器，内部再无任何元素","P3","未修","-",""
"门户-内容社区","FeedPage.vue","门禁判断依据（基线数据一致性）","本次基线 `endpoints.json` 的 `anonymous` 字段与后端源码相反：缓存标注 `/portal/feed/following` 为 ANON、`/portal/feed/hot` 为空；源码 `PortalFeedController` 中 `@Anonymous` 明确在 `hot` 上（第 58 行），`following` 无该注解且内部显式判空返回 401。同类串位还见于 `/portal/interview/comment/list`（源码有 `@Anonymous`，缓存为空）与 `/portal/interview/profile`（源码无 `@Anonymous`，缓存为 ANON）","P3","未修","-",""
"门户-内容社区","FeedPage.vue","接口契约核对（通过项）","无问题：`getFollowingFeed`/`getHotFeed` → `GET /portal/feed/following`、`GET /portal/feed/hot`，路径与方法一致；分页参数 `pageNum/pageSize` 与后端 `PageDomain.pageNum/pageSize` 一致（非 current/size）；前端读 `data.list`/`data.total`，`httpGetList` 已把 `MyBatis-Plus Page.records` 归一化为 `list`、`total` 一致；登录门禁与源码一致（`following` 需登录并返回 401，`hot` 为 `@Anonymous`），页面的 401 降级到 hot 逻辑成立","P3","未修","-",""
"门户-搜索","SearchPage.vue","排序（最新/热门/推荐）","前端把排序塞进 `sortBy=views 或 createdAt`，但后端 `ArticleQuery` 根本没有 `sortBy` 字段，Spring 绑定直接丢弃；文章分页排序只认 PageDomain 的 `orderByColumn/isAsc`，未传时固定走 `defaultOrderBy`（is_top desc, published_at desc, create_time desc）。且映射表达式 `sortBy==='热门' ? 'views' : 'createdAt'` 使「最新」与「推荐」完全等价，是假选项","P1","已修","v13.74","排序改用 PageDomain 真实列名 orderByColumn/isAsc（热门→views、最新→create_time）"
"门户-搜索","SearchPage.vue","结果区与空态显隐","`hasQuery` 直接读 v-model 绑定的 `searchQuery`，用户刚输入一个字符（未回车、未点搜索）`hasQuery` 即为 true，而请求只在回车/点击/路由变化时才发，于是立刻渲染出「未找到相关内容」空态","P2","已修","v14.43","搜索页：hasQuery 改按路由参数（真正已提交的检索条件）判定，原来读输入框 ⇒ 刚敲一个字符、请求还没发就渲染「未找到相关内容」"
"门户-搜索","SearchPage.vue","空态「浏览全部」按钮","按钮只清 `searchQuery`/`selectedCategory` 两个局部 ref，不清 `route.query`；标签分支仍从 `route.query.tag` 取参，`hasQuery` 也仍为 true，`performSearch` 因无查询条件提前 return，列表被清空但 URL、面包屑、检索条件全不变","P2","已修","v14.43","搜索页：空态「浏览全部」改调 clearAllFilters（同时清 route.query 与本地状态）；原只清局部 ref，导致 URL/面包屑/检索条件全不变、列表却被清空"
"门户-搜索","SearchPage.vue","错误态","三个加载函数全部 `catch` 后仅 `console.error` 并把数组清空，与「无结果」走同一个空态分支，页面没有 error ref、没有重试入口","P2","已修","v14.43","搜索页：hasQuery 改按路由参数（真正已提交的检索条件）判定，原来读输入框 ⇒ 刚敲一个字符、请求还没发就渲染「未找到相关内容」"
"门户-搜索","SearchPage.vue","搜索按钮重复提交","`handleSearch` 先把 `currentPage=1` 再 `router.push`，指望 watch 触发请求；当 query 与当前完全相同时 route.query 不变、watch 不触发，列表仍是旧页（如第 3 页）数据，分页控件却显示第 1 页","P2","已修","v14.43","搜索页：检索条件与 URL 一致时显式重新检索（原只 push 依赖 watch，条件相同则列表仍是旧页数据而分页显示第 1 页）"
"门户-搜索","SearchPage.vue","搜索范围与占位文案","占位文案承诺「搜索文章、标签或作者」，但 keyword 分支后端只做 `title like OR excerpt like`，没有作者/昵称维度，用作者名搜索必然空结果","P2","已修","v14.43","搜索页：占位文案改为「搜索文章标题或摘要」（后端 keyword 只做 title/excerpt like，无作者维度，按作者搜必空）"
"门户-搜索","SearchPage.vue","侧栏热门文章","为了右侧 5 条热门，调用聚合接口 `/portal/article/home`，该接口一次执行 4 次查询（轮播全量 + 精选 8 + 热门 10 + 最新 20），返回约 40 条只用 5 条","P2","已修","v14.43","搜索页侧栏热门：改用文章列表接口 pageSize=5 + sortBy=views 倒序；原复用首页聚合接口（4 次查询约 40 条只用 5 条）"
"门户-搜索","SearchPage.vue","侧栏广告位","「成为认证创作者」卡片是纯静态写死文案+写死跳转 `/creator/certification`，注释自认「预留后端接口位置」，但项目已有广告接口与组件（`AdCard` 按 slotKey 拉取）及后台广告位管理菜单","P2","已修","v14.28","搜索结果侧栏写死推广卡改为广告位 AdCard（search_sidebar，已登记字典），清理不再使用的图标导入"
"门户-搜索","SearchPage.vue","分类检索","`selectedCategory` 仅能从 `route.query.category` 注入，页面没有任何分类筛选控件，也无法清除；且后端 `categoryName` 在 XML 里是 `pc.name = #{...}` 精确匹配（与 ArticleQuery 注释「模糊查询」不符），分类名略有不一致即 0 结果","P3","未修","-",""
"门户-搜索","SearchPage.vue","排序切换与分页","排序下拉 `@change=""performSearch""` 未把页码重置为 1，用户在第 3 页改排序仍请求第 3 页","P3","未修","-",""
"门户-搜索","SearchPage.vue","热门标签","拉取 `getHotTags(30)` 后模板只渲染 `slice(0,12)`，多出 18 条无用数据","P3","未修","-",""
"门户-搜索","SearchPage.vue","代码卫生","①第 6 行 `import { RouterLink as Link }` 全文件未使用；②`paginatedArticles` 是 `return allArticles.value` 的空壳 computed，纯过渡层；③「服务端分页：只拉当前页 10 条…」同一句注释在 25 行与 87 行重复；④`allArticles` 变量名仍表示「全部文章」但实际只存当前页","P3","未修","-",""
"门户-内容社区","ContestDetailPage.vue","投票门禁（活动状态与投票截止）","页面展示了活动状态与「投票截止」时间，但 `handleVote` 不做任何状态/时间判断；后端 `toggleVote` 也只校验登录，既不校验活动 status 也不校验 `voteEndTime`，draft 与 ended 活动同样可投","P1","已修","v13.81","征文投票：补 status 与 voteEndTime 校验（**不含**自投票限制、连点锁、时间展示等其它条目）"
"门户-内容社区","ContestDetailPage.vue","投票重复提交与竞态","投票按钮没有进行中锁，`:disabled` 未绑定任何状态（仅投稿按钮有 submitting），连点/双击会发出两次 toggle 请求","P2","已修","v14.38","征文详情：投票加在途锁 votingId 并绑到按钮 disabled（原连点/双击会发两次 toggle）"
"门户-内容社区","ContestDetailPage.vue","投票合法性","后端 `toggleVote` 只按 submissionId 查重投票记录，没有任何「不能给自己投稿投票」的限制，前端也未对 `sub.userId === 当前用户` 做处理","P2","已修","v14.40","征文详情：禁止给自己的投稿投票（前端先行拦截：handleVote 拒绝 + 按钮禁用 + 提示语；后端 toggleVote 无自投门禁已记入对账）"
"门户-内容社区","ContestDetailPage.vue","投稿成功后的刷新","投稿成功后 `await loadDetail()`，而 `loadDetail` 会置 `loading=true`；模板用 `v-if=""loading""` / `v-else-if=""contest""` 互斥，于是整页内容被加载圈替换后再重新出现","P2","已修","v14.38","征文详情：loadDetail(silent) 支持静默刷新，投稿成功后不再整页闪加载态（并把 @click=""loadDetail"" 改为 loadDetail()）"
"门户-内容社区","ContestDetailPage.vue","投稿表单","投稿要求用户手动输入「文章ID」纯文本框，没有文章选择器、没有格式校验、也没有「我的文章」入口","P2","已修","v14.41","征文投稿：文章 ID 增加数字格式校验（原纯文本直接提交，非数字会触发后端 Long 转换异常），并在提示中指引到「我的文章」"
"门户-内容社区","ContestDetailPage.vue","投稿列表加载","后端 `getContestDetail` 用 `selectList` 一次性返回该活动全部未淘汰投稿（无分页、无上限），前端整屏渲染","P2","已修","v14.66","征文投稿列表改为**服务端分页**：Service 新增 getContestDetail(contestId, userId, pageNum, pageSize) 重载（旧 2 参方法委托到默认第 1 页 20 条），投稿查询由 selectList 改为 selectPage 并返回 submissionTotal/submissionPage/submissionSize；Controller detail 端点增加 submissionPage/submissionSize 参数；前端 api.getContestDetail 支持分页参数、模板显示服务端 total 并加「加载更多投稿（还有 N 篇）」按钮（追加去重）。另修 hasSubmitted 口径：原先在**当前页**记录里判断 ⇒ 用户自己的投稿不在第 1 页时会误判""未投稿""并诱导重复投稿，改为对活动+用户做独立计数"
"门户-内容社区","ContestDetailPage.vue","状态与投稿状态枚举","`statusMeta`（draft/collecting/voting/ended）与 `submissionStatusMeta`（pending/shortlisted/winner/eliminated）把中文标签与色值全部写死在页面，而后台早已使用字典 `cms_contest_status` 渲染同一字段，门户侧却未复用","P2","已修","v13.92","征文状态文案改字典驱动"
"门户-内容社区","ContestDetailPage.vue","投稿状态流转与后台入口","`submissionStatusMeta` 的 shortlisted/winner/eliminated 三个分支永远不可达：后端详情接口已 `ne(status,'eliminated')` 过滤淘汰项，且全项目没有任何接口或后台页面能写入这三个状态——`/cms/contest/*` 只有活动本身的增删改查，「竞赛管理」菜单下也没有投稿管理","P2","未修","-",""
"门户-内容社区","ContestDetailPage.vue","投稿期判断","前端 `canSubmit` 允许 collecting 与 voting，但后端 `submit` 只拒绝 draft，两边口径不一致：ended 活动前端禁投、后端可投；voting 期前端仍放行投稿，提示语却写「当前活动状态不在征稿期内」","P2","已订正","v13.72","原判断有误：@VipOnly 返回 false 是**拒绝**而非 fail-open；已在清单/CSV 以【订正】标注"
"门户-内容社区","ContestDetailPage.vue","时间展示","起止时间用 `v-if=""contest.startTime 或 contest.endTime""` 包住两个都无条件渲染的 `formatDate`，只配了一个时间时会显示成「~ 2026-01-01」或「2026-01-01 ~」；且起止时间用 `YYYY-MM-DD`，投票截止用 `YYYY-MM-DD HH:mm`，粒度不一致","P3","未修","-",""
"门户-内容社区","ContestDetailPage.vue","路由参数兜底","`contestId` 直接取 `route.params.id` 无任何数字校验，而后端映射为 `/{id:[0-9]+}` 正则；`/contest/abc` 这类地址会先渲染加载态再打接口报错","P3","已修","v14.32","征文详情：非数字活动 id 前置拦截"
"门户-内容社区","ContestDetailPage.vue","投稿排名","排名用列表下标 `idx + 1` 渲染，忽略类型里已声明的 `sub.rank` 字段","P3","未修","-",""
"门户-内容社区","ContestDetailPage.vue","登录门禁（事实基线校正）","事实基线 `endpoints.json` 的 `anonymous` 字段与注解实际不符：`/portal/contest/{id}/submit` 被标为 ANON，但 `PortalContestController.submit` 并无 `@Anonymous`（需登录）；相反 `/portal/column/list` 标为空，但 `PortalColumnController.list` 有 `@Anonymous`","P3","未修","-",""
"门户-内容社区","MyColumnsPage.vue","订阅切换接口契约（api/column.ts）","后端 `/portal/column/{id}/subscribe` 返回 `AjaxResult.success(boolean)`，`data` 是裸布尔值；前端却按 `SubscribeToggleResult = { subscribed, subscribeCount }` 解析并直接读 `res.data.subscribed` / `res.data.subscribeCount`","P1","已修","v13.71","订阅切换接口契约（裸布尔 vs 对象）"
"门户-内容社区","MyColumnsPage.vue","我创建的专栏卡片状态","后端 `selectMyColumnsPage` 已经查出并返回 `c.status`，但卡片只渲染 `isFinished` 的「完结/连载中」，`status` 从未展示","P2","已修","v13.71","专栏完结/恢复连载状态写错"
"门户-内容社区","MyColumnsPage.vue","Tab 切换与分页加载竞态","`loadColumns` 没有请求序号/取消机制：`watch(page)` 与 `watch(activeTab)` 两条链路都会触发它，「我创建的」与「我订阅的」是两个不同 URL 的请求，先发的请求可能后返回并覆盖 `columns`","P2","已修","v14.32","我的专栏：Tab/分页请求序号守卫"
"门户-内容社区","MyColumnsPage.vue","我订阅的 Tab 无取消订阅入口","后端 `POST /portal/column/{id}/subscribe` 已是 toggle（可取消订阅），本页却只给一个「查看专栏」按钮，必须进详情页才能退订","P2","已修","v13.71","订阅切换接口契约（裸布尔 vs 对象）"
"门户-内容社区","MyColumnsPage.vue","创建专栏额度","后端上限写死为常量 `MAX_COLUMN_PER_USER = 10`（硬编码阈值），门户侧不知道额度，达上限用户点「创建专栏」进表单后才被后端拒绝","P3","未修","-",""
"门户-内容社区","MyColumnsPage.vue","删除按钮禁用判断","`:disabled=""actionId === col.id""` 用严格相等比较 id，而删除成功后本地过滤用的是 `String(c.id) !== String(col.id)`，同一文件两套口径；若接口下发 id 类型为 string 而 `col.id` 为 number 则禁用态永不生效","P3","未修","-",""
"门户-内容社区","MyColumnsPage.vue","删除后的列表一致性","删除成功后只做本地 filter 与 `total-1`，不回查服务端；若后端删除的是被引用/级联影响的记录，或并发下已被删除，本地计数与真实总数会漂移","P3","未修","-",""
"门户-内容社区","MyColumnsPage.vue","分页控件与数字格式化","①分页控件在本页手写（上一页/下一页/第 x 页），项目已有通用 `Pagination` 组件（含省略号、aria 属性），SearchPage 就在用；②本地 `formatNumber` 与 `@/utils/number` 的同名函数逻辑重复","P3","未修","-",""
"门户-内容社区","MyColumnsPage.vue","代码卫生","`gotoEdit` 声明为 `async` 但函数体没有任何 `await`（同步的 `router.push`），与同文件 `gotoDetail`/`gotoCreate` 写法不一致；`pageSize` 固定 12 且为裸常量","P3","未修","-",""
"门户-学习工具","WrongBookPage.vue","今日待复习入口","「今日待复习」卡片点击后只把 statusFilter 置为 'wrong' 并重查 /portal/learn/wrong/list，未调用后端专用接口 /portal/learn/wrong/review（该接口按 next_review_time <= NOW() 过滤，见 PortalWrongQuestionMapper.xml:57-59）；卡片数字来自 countTodayReview（按时间过滤），点击后的列表却按 status='wrong' 过滤（不按时间），两者口径不一致；且 getTodayReviewWrongQuestions 在全门户无任何调用方","P2","已修","v13.84","错题复习状态改时间口径；前端移除死状态"
"门户-学习工具","WrongBookPage.vue","「复习中」页签与统计","statusTabs 含 'reviewing'、统计卡片取 reviewingCount、后端 listTodayReview 也以 status='reviewing' 为查询条件，但全仓唯一写入路径只有 wrong（WrongQuestionServiceImpl.java:98、:127）与 mastered（markMastered），没有任何地方把 status 置为 'reviewing'","P1","已修","v13.84","错题复习状态改时间口径；前端移除死状态"
"门户-学习工具","WrongBookPage.vue","标记掌握","markMastered 成功后只把当前行 status 改成 'mastered'（局部 mutate），既不重拉列表也不更新 total；在「待复习/复习中」页签下会把已掌握项继续留在列表里，分页「共 N 题」与实际不符；该操作无二次确认，后端也没有「取消掌握」接口（不可逆，只能靠再次答错回退）","P2","已修","v13.84","错题复习状态改时间口径；前端移除死状态"
"门户-学习工具","WrongBookPage.vue","统计加载失败处理","loadStats 用空 catch 吞掉所有异常且无任何提示，失败时统计卡片整块因 v-if=""stats"" 不渲染","P2","已修","v14.14","错题本统计加载失败改为可见提示 + 重试（原空 catch 使统计区静默消失）"
"门户-学习工具","WrongBookPage.vue","关键词搜索","keyword ref 只在 resetSearch 里被清空、在 loadList 里被读取，模板中没有任何输入绑定它，用户永远无法按题目标题搜索；后端 mapper 已支持 keyword 参数","P3","未修","-",""
"门户-学习工具","WrongBookPage.vue","复习时间格式化","formatReviewTime 直接 new Date('yyyy-MM-dd HH:mm:ss')（后端 @JsonFormat pattern 就是该格式）做差值，未使用项目统一日期工具 @/utils/date（dayjs）；该字符串非 ISO 格式，解析失败时 diff 为 NaN，会渲染出「还有 NaN 天复习」","P3","未修","-",""
"门户-学习工具","WrongBookPage.vue","统计卡片点击与筛选请求","卡片 @click 同时做「statusFilter='wrong' + page=1 + loadList()」，而 statusFilter/page 本身各有一个 watcher 会再触发 loadList，最多产生 2 次列表请求（仅同 URL 才会被 client.ts 的并发去重合并）；doSearch/resetSearch 也是同样的双触发写法","P3","已修","v14.14","错题本统计加载失败改为可见提示 + 重试（原空 catch 使统计区静默消失）"
"门户-学习工具","WrongBookPage.vue","标签 chips 渲染","v-for 的 :key 使用未 trim 的原始标签，且只用英文逗号 split，重复标签会产生重复 key、中文逗号「，」分隔的标签会整条当作一个标签渲染","P3","未修","-",""
"门户-学习工具","LearnCenterPage.vue","错题本计数卡片","卡片显示 dashboard.wrongCount，而后端用 countWrong(userId, null) 统计「全部错题（含已掌握）」，与 VO 注释「错题数（未掌握）」及卡片语义不符","P2","已修","v14.46","学习中心：错题卡片文案改为「错题总数」以匹配后端 countWrong(userId,null) 的实际口径（含已掌握）"
"门户-学习工具","LearnCenterPage.vue","最近错题预览","预览列表在 wq.questionTitle 为空时回退渲染「题目 #加上 questionId」，但后端 listRecentWrong 只手工映射 portal_wrong_question 字段（无 questionTitle），对应 mapper 也没 JOIN portal_interview_question，questionTitle 恒为 null","P2","已修","v14.47","学习中心最近错题：listRecentWrong 改为一次 selectBatchIds 批量取题库并回填 questionTitle/questionDifficulty（原只手工映射错题表字段，标题恒 null，前端只能显示""题目 #id""）"
"门户-学习工具","LearnCenterPage.vue","进行中计划数","dashboard.activePlanCount 由 listMyPlans(userId, ""active"", 1, 5) 的返回条数得出，计划数超过 5 时被截断，页面「进行中计划 X 个」永远最多显示 5","P2","已修","v14.47","学习中心进行中计划数：改用分页 total（原取 1,5 分页的记录条数当总数 ⇒ 超过 5 个计划永远显示 5）"
"门户-学习工具","LearnCenterPage.vue","未登录骨架数据","未登录时后端返回全 0 骨架（loggedIn=false），但四个统计卡片仍按真实数据样式渲染「累计答题 0 / 通过率 0% / 连续打卡 0 天 / 错题本 0」，只有今日计划区与错题区做了「登录后查看」提示","P2","已修","v14.46","学习中心：未登录时四个统计卡片统一显示「登录后查看」，不再按真实数据样式渲染全 0（原易被误读为真实为 0）"
"门户-学习工具","LearnCenterPage.vue","计划卡片交互","整个计划卡片可点击，但只调 goPlan() 跳到 /learn/plan 列表，不定位到该计划；卡片上已有「今日 X 题 / 进度条」，却没有「记录今日进度 / 继续学习」的直接动作","P3","未修","-",""
"门户-学习工具","LearnCenterPage.vue","计划类型/状态文案","planTypeText(88-95)/statusText(97-100) 把枚举硬编码成中文，而系统已存在字典 portal_study_plan_type / portal_study_plan_status（moyun-db-dml-init.sql:690-691 只建了字典类型、没有 dict_data 数据行），后台 views/portal/studyPlan/index.vue:139 已用 useDict 渲染同一批值","P3","未修","-",""
"门户-学习工具","LearnCenterPage.vue","页面级死代码","difficultyText/difficultyColor（102-112）在本页模板中完全没有引用，且与 WrongBookPage.vue:159-169 逐行重复","P3","未修","-",""
"门户-用户与账号","FollowListPage.vue","关注/取关目标 ID","toggleFollow 用 String(item.id) 当作目标用户 ID 调 POST/DELETE /portal/follow/{userId}，但 FollowUserVO.id 是 portal_follow 表主键，真实用户 ID 在 userId 字段；后端 follow/unfollow 只校验 followerId.equals(followingId)，不校验目标用户是否存在，会直接插入关注记录并给该 ID 累加粉丝数","P0","已修","v13.71","关注关系 SQL 字段用错（id vs userId）"
"门户-用户与账号","FollowListPage.vue","行点击跳作者主页","@click=""gotoAuthor(String(item.id))"" 用关注记录 ID 拼 /author/{id}，而面包屑用的是正确的 targetUser.id，同页两处口径不一致","P1","已修","v13.74","行点击跳作者主页已改用 item.userId（面包屑同口径）"
"门户-用户与账号","FollowListPage.vue","关注状态/互关/自己标识","页面依赖 item.following / item.mutualFollow / item.isMe，但后端 FollowUserVO 只有 id/userId/username/nickname/avatar/bio/position/createdAt，两个列表 SQL 均不返回这些关系字段；因此 wasFollowing 恒为 false（unfollow 分支永不可达）、互关与「我自己」标签永不出现、自己的账号也会渲染关注按钮","P1","已修","v14.06","FollowUserVO 补 following/mutualFollow/isMe（观察者视角，游客为 null），两个列表 SQL 计算并透传 viewerId"
"门户-用户与账号","FollowListPage.vue","列表加载失败态","loadList 的 catch 只 console.error 并把 list 清空，失败被模板渲染成「暂无关注/暂无粉丝」空态，没有错误提示也没有重试按钮","P2","已修","v14.13","关注/粉丝列表加载失败改为可见错误态 + 重试按钮（原渲染成""暂无""），并回滚""加载更多""页码"
"门户-用户与账号","FollowListPage.vue","空态文案","空态第二行只按 isOwnPage 二选一（「还没有人关注你哦~」/「该用户还没有关注的人」），未随 activeType 区分：别人的「粉丝」页签显示「该用户还没有关注的人」，自己的「关注」页签显示「还没有人关注你哦~」","P2","已修","v14.60","关注/粉丝列表：空态文案改为按 activeType + 是否本人四象限区分（原先只按 isOwnPage 二选一，自己的「关注」页签显示""还没有人关注你哦""、别人的「粉丝」页签显示""该用户还没有关注的人""，均错位）"
"门户-用户与账号","FollowListPage.vue","加载更多分页","loadMore 先自增 pageNum 再请求，失败时 pageNum 不回退也不提示，下次点击会跨越一页；total 仅在成功分支更新，失败后 hasMore 仍按旧值判断","P3","未修","-",""
"门户-用户与账号","FollowListPage.vue","页面入口与重复实现","路由之外全仓没有任何 to=""/user/:id/following""、to=""/user/:id/followers"" 或 name:'user-following' 的跳转，FollowListPage 无任何入口；而用户自己的关注/粉丝已由 UserPage.vue:2128-2188 内嵌实现，两套 UI 并存（且都带同一个 id/userId 缺陷）","P2","未修","-",""
"门户-用户与账号","FollowListPage.vue","页脚与 SEO","页面没有 SiteFooter（同批的 WrongBookPage.vue:401、LearnCenterPage.vue:385 都有）；useHead 传入的是普通对象而非 computed，切页签后 title/description 不更新、canonical 回退到首次进入时的 location.pathname；路由 meta 声明的 robots:'noindex,follow' 在全局无任何消费点（守卫只读 to.meta.title），页面自身也没传 robots，实际不输出 robots meta","P3","未修","-",""
"门户-用户与账号","FollowListPage.vue","后台菜单与接口缺失","关注关系在后台既无菜单也无接口：admin.menus.json 中「门户管理(menuId 1)」下只有内容管理/创作者认证/简历管理/面试管理/学习管理/阅读管理/审核中心，无关注关系；endpoints.json 中 /portal/follow/* 只有 5 个门户端接口，没有对应的后台只读/清理接口","P2","已修","v13.71","关注关系 SQL 字段用错（id vs userId）"
"门户-用户与账号","AuthorsPage.vue","关注作者","loadFollowingStates() 是空壳实现，只把每位作者写成 false，从未调用已存在的 followApi.checkFollow（后端 GET /portal/follow/check/{userId} 且已 permitAll），第 141 行注释还误称该接口「如果不存在则跳过」","P1","已修","v14.04","关注状态改为真实调用 GET /portal/follow/check/{userId}（分批并发、未登录跳过）"
"门户-用户与账号","AuthorsPage.vue","作者搜索","searchQuery 变化时不重置 currentPage；在已翻到第 N 页时输入搜索词，filteredUsers 变短而 currentPage 仍是旧值，pagedUsers 切出空数组，命中「没有找到作者」空态，且分页控件因 totalPages<=1 被隐藏","P1","已修","v13.79","搜索/排序变化时重置 currentPage（watch 已实现）"
"门户-用户与账号","AuthorsPage.vue","关注/取关","handleToggleFollow 完全忽略后端返回值，只按本地布尔翻转状态：后端 follow() 对「关注自己」返回 code=200 且 data.followed=false（不抛异常），对已关注返回幂等成功；而 selectAuthors 未排除当前用户，登录用户可能出现在自己的名家录里","P2","已修","v14.14","名家录 SQL 排除当前登录用户（游客不过滤）；作者页关注结果以服务端 followed 为准，被拒时提示而非假装成功"
"门户-用户与账号","AuthorsPage.vue","分页列表/排序","前端一次请求 getAuthors(100) 后在浏览器内做搜索、排序、分页；后端 selectAuthors 只按已发布文章数倒序 LIMIT limit 取前 N，全站第 101 位之后的作者永远不会出现，本地「最受欢迎/粉丝最多」也只在这 100 人子集内排序","P2","已修","v14.65","名家列表改为**服务端分页**（含关键词与排序下沉）：后端新增 PortalUserMapper.authorVisibilityFilter/countAuthors/selectAuthorsPage（关键词模糊匹配用户名与简介；排序支持 popular=浏览量+获赞×10、newest、works=作品数、fans=粉丝数，均以子查询在 SQL 内完成）；Service 增 selectAuthorsPage；Controller /portal/user/authors 支持 pageNum/pageSize/keyword/sort（未传 pageNum 时保持旧行为返回数组）；前端 AuthorsPage 删除本地过滤/排序/二次切片，改用服务端 total 计算总页数，关键词/排序变化与翻页均重新请求。原先前端 getAuthors(100) 后在浏览器内搜索/排序/分页 ⇒ 第 101 位之后作者永不出现、排序只在 100 人子集内生效"
"门户-用户与账号","AuthorsPage.vue","作者卡片时间展示","「加入于 {{ user.createTime }}」直接渲染后端 ISO 时间串（PortalUserController 用 LocalDateTime.toString() 输出，形如 2024-01-01T10:00），未走统一的 date 工具","P2","已修","v14.60","作者列表：「加入于」走 formatDate（原先直出后端 ISO 串）"
"门户-用户与账号","AuthorsPage.vue","排序权重与文案","硬编码项集中：popular 排序权重 likes*10、拉取条数 100、pageSize 12、空简介兜底文案「这是一位神秘的创作者~」、4 个排序标签文案","P3","未修","-",""
"门户-用户与账号","AuthorsPage.vue","作者卡片统计","计算了 _stats.following（followCount）但模板只渲染 作品/浏览/获赞/粉丝 四项，following 从未使用；后端专门返回 isCertifiedCreator 并注释「前端可用于显示认证徽章」，页面也未使用","P3","未修","-",""
"门户-用户与账号","AuthorsPage.vue","代码注释","第 63-64 行「// 修复：原代码读取 articleCount/viewCount/likeCount 与后端字段不匹配，导致始终为 0」属记录改动史的过期注释；第 141-142 行「假设关注状态通过 followApi.checkFollowing 获取，如果不存在则跳过」为与事实不符的占位说明","P3","已修","v14.04","关注状态改为真实调用 GET /portal/follow/check/{userId}（分批并发、未登录跳过）"
"门户-用户与账号","AuthorsPage.vue","最新加入排序","createTime 为 null 时（后端 createTime 分支返回 null）执行 new Date(null).getTime() 得 0，new Date(undefined) 得 NaN，比较函数返回 NaN，排序结果不确定","P3","已修","v14.60","作者列表：「加入于」走 formatDate（原先直出后端 ISO 串）"
"门户-用户与账号","AuthorsPage.vue","未登录门禁","未登录点击关注时 requireAuth('/authors') 直接静默跳登录页，无任何提示与确认；同项目其它入口普遍用 withAuthConfirm / toast.warning 提示","P3","未修","-",""
"门户-用户与账号","AuthorsPage.vue","后台入口","名家录的入选条件（privacy_profile=1 + is_certified_creator=1 + 至少 1 篇已发布文章）与展示顺序都写死在 SQL 与前端，后台只能在门户用户里逐个改字段，没有专门的「名家录」配置菜单","P3","未修","-",""
"门户-AI语音面试","MyExperiencesPage.vue","面经卡片时间","第 318-319 行 formatDate((exp.createTime \ | \ | exp.updateTime, 'YYYY-MM-DD'), 'YYYY-MM-DD HH:mm') 误用逗号表达式，实参恒为字面量 'YYYY-MM-DD'，dayjs 解析为 Invalid Date 后 format 返回字符串「Invalid Date」，且 v-if 判断其真值恒为 true | 每条面经卡片底部都稳定显示「Invalid Date」，发布时间功能完全失效；用户无法判断面经的发布时间，显得页面有明显 bug | 改为 formatDate(exp.createTime \ | \ | exp.updateTime \","P1","已修","v13.79","时间格式化已为 `createTime || updateTime` 两参调用（原报告所述逗号表达式不存在）"
"门户-AI语音面试","MyExperiencesPage.vue","状态筛选","状态枚举在前端硬编码两份（statusTabs 与 statusMap），后端枚举含 archived（VO 注释与 Service 白名单均含），后台面经管理的筛选下拉只有 pending/published/rejected；数据字典中也没有面经状态字典（仅有 cms_article_status）","P2","已修","v14.28","面经状态枚举合一为单一来源并补齐后端已有的 archived（原两处硬编码且缺项）"
"门户-AI语音面试","MyExperiencesPage.vue","状态筛选 Tab","切换 Tab 后重新请求没有任何竞态防护（无 AbortController、无请求序号），连续快速点「草稿→已发布→已驳回」时先发请求的慢响应可能后到并覆盖列表；同时 httpGetList 有 10s 结果缓存，切回旧 Tab 会先显示缓存","P2","已修","v14.15","我的面经加请求序号守卫（含 catch/finally 同步收口）"
"门户-AI语音面试","MyExperiencesPage.vue","空状态","空态文案固定为「还没有发布任何面经」+「发布第一篇面经」，不区分当前 Tab；在「草稿/待审核/已驳回」筛选下无数据时也这样显示","P3","未修","-",""
"门户-AI语音面试","MyExperiencesPage.vue","删除面经","deleteExperience 的返回值被忽略：后端 deleteExperienceById 在记录不存在时返回 0、Controller 用 AjaxResult.success(0) 包装，前端照样 toast「删除成功」","P3","未修","-",""
"门户-AI语音面试","MyExperiencesPage.vue","页面结构","页面没有可见的 h1 页标题，只有吸顶面包屑 + 发布按钮，直接进入状态 Tab（对比 AuthorsPage 有明确 h1）","P3","未修","-",""
"门户-AI语音面试","MyExperiencesPage.vue","URL 状态直达","activeStatus 直接取 route.query.status 且不做白名单校验，非法值（如 ?status=xxx）会原样作为 status 参数发给后端；后端只按字符串等值查询，返回空列表且无任何提示","P3","未修","-",""
"门户-AI语音面试","MyExperiencesPage.vue","状态兜底展示","statusLabel/statusClass 对未收录状态回落到原始英文值（return statusMap[s]?.label \ | \ | s \ | \ | '未知'），后端枚举确实存在前端未收录的 archived","P3","已修","v14.28","面经状态枚举合一为单一来源并补齐后端已有的 archived（原两处硬编码且缺项）"
"门户-AI语音面试","MyExperiencesPage.vue","后台入口","后台已有「内容管理→面经管理」菜单（component cms/interview/experience/index，perms cms:interview:experience:list），但其状态筛选下拉缺 draft/archived，运营看不到停在草稿与归档的面经","P3","已修","v14.28","面经状态枚举合一为单一来源并补齐后端已有的 archived（原两处硬编码且缺项）"
"门户-AI语音面试","MyExperiencesPage.vue","代码卫生","第 133 行对象字面量存在多余空格（{ danger: true,  title: '确认操作'}）；第 17-18 行为连续空行；formatNumber 自造 w/k 缩写（10000→1.0w）与站内中文数量口径不统一","P3","未修","-",""
"门户-阅读空间","BookListDetailPage.vue","路由参数切换","loadDetail 重置了 bookList/books/bookmarked，但漏了 liked；watch(listId) 走的是同组件同路由的参数变化（组件不重建），上一个书单的点赞态会残留","P2","已修","v14.57","书单详情：切书单时重置 liked（原先同组件切参数会残留上一个书单的点赞态）"
"门户-阅读空间","BookListDetailPage.vue","收藏书单","handleToggleBookmark 的 catch 只 console.error，没有任何 toast 或状态回滚；后端 401（登录过期）、网络失败、DB 异常时用户完全无感知 | 用户点「收藏书单」后按钮无变化也无提示，以为已收藏成功，实际未写入；登录过期时还可能与静默的 check 失败叠加成「按钮一直是未收藏」 | 补 toast.error((err as Error)?.message \","P2","已修","v14.17","书单收藏失败改为可见提示（原静默）；初始态查询失败留可诊断日志 + 切换书单时丢弃过期响应"
"门户-阅读空间","BookListDetailPage.vue","收藏/点赞初始态","checkBookListBookmark 与 checkBookListLike 均以 .catch(() => {}) 静默吞错，且两个 Promise 未 await、未做失效校验，晚到的响应会覆盖后续状态","P2","已修","v14.17","书单收藏失败改为可见提示（原静默）；初始态查询失败留可诊断日志 + 切换书单时丢弃过期响应"
"门户-阅读空间","BookListDetailPage.vue","访问级别门禁","书单实体的 accessLevel（后台上架时可选 free/vip/preview，配 portal_access_type 字典）在前台完全没有被使用：详情接口无门禁、模板无 VIP/付费标识，页面只判断登录态","P2","已修","v14.59","书单访问级别门禁落地：后端 PortalReadingController#getBookListById 增加 accessLevel 判定 —— vip 且当前用户非会员（vipService.isVip(userId,""portal"")）时**不下发书籍列表**并回置 accessLevelLocked，同时返回 accessLevel；前端改为渲染""会员专属 + 前往开通会员""引导而不是空书单，preview 级别放行并打标（""部分可见""的具体规则仍需产品定义，未臆造）"
"门户-阅读空间","BookListDetailPage.vue","未公开书单可见性","详情接口只按主键查询，未校验 is_public/status；Mapper 的 selectPortalBookListById 也只有 where id = #{id}；后台可以设置「是否公开」与状态","P2","已修","v14.13","书单详情 @Anonymous 接口补可见性校验：仅 is_public=1 且 status=active 公开，其余仅创建者可读（游客与""不存在""同文案）；浏览计数移到校验之后"
"门户-阅读空间","BookListDetailPage.vue","书籍数量口径","页面同时展示 bookList.bookCount（Hero 区「{{ bookList.bookCount }} 本」）与 books.length（列表标题「({{ books.length }} 本)」）；后端组装 books 时会跳过已被删除的书籍但不回写 book_count","P3","未修","-",""
"门户-阅读空间","BookListDetailPage.vue","错误态","后端对不存在书单返回 AjaxResult.error('书单不存在')，client 会把 msg 抛成 Error，但页面 catch 里固定写成「加载书单失败，请稍后重试」，把具体原因覆盖掉 | 用户打开已下架/被删除的书单链接时只看到通用失败文案，无法区分「链接失效」与「网络故障」，也不知道该返回书单列表 | catch 中使用 err.message（如 error.value = (err as Error)?.message \","P3","未修","-",""
"门户-阅读空间","BookListDetailPage.vue","未登录门禁","未登录点「点赞书单」会 toast.warning('请先登录后再点赞') 再跳登录；未登录点「收藏书单」则静默直接跳登录页，无任何提示，两处门禁处理不一致","P3","已修","v14.17","书单收藏失败改为可见提示（原静默）；初始态查询失败留可诊断日志 + 切换书单时丢弃过期响应"
"门户-阅读空间","BookListDetailPage.vue","接口路径命名","同一资源存在两套路径：书单详情与收藏用 /portal/reading/book-lists/{id}（复数），点赞用 /portal/reading/book-list/{id}/like（单数），后端 Controller 亦如此，前端 api/reading.ts 同文件内混用","P3","未修","-",""
"门户-阅读空间","BookListDetailPage.vue","浏览量","getBookListById 先 incrementViewCount 再判空（不存在也先自增一次，虽为无条件 UPDATE 不报错），且详情页每次加载（含 F5 刷新、爬虫、预取）都会 +1，无防抖/去重","P3","未修","-",""
"门户-阅读空间","BookListDetailPage.vue","标签与视觉","tagList 硬编码按英文逗号 split 解析 tags 字符串（后端字段同样是逗号分隔文本），后台编辑也只提示「多个标签用英文逗号分隔」；Hero 区渐变与装饰 SVG 颜色直接写死在模板 style 中","P3","未修","-",""
"门户-阅读空间","BookListDetailPage.vue","收藏数展示","收藏接口每次都返回 bookmarkCount（后端已统计），前端只取 bookmarked，bookmarkCount 被丢弃，页面也没有任何收藏数展示","P3","未修","-",""
"门户-AI语音面试","MyAttemptsPage.vue","列表难度徽章","questionDifficulty() 读的是 sub.question?.difficulty 与 sub.difficulty，但后端 InterviewSubmissionVO 的字段名是 questionDifficulty（selectMySubmissionList 显式 setQuestionDifficulty，见 PortalInterviewServiceImpl.java:1066），VO 里既没有 difficulty 也没有 question 嵌套对象","P2","已修","v14.38","我的答题记录：难度字段对齐后端 questionDifficulty（原取值路径永远拿不到值，徽章恒""未知""）"
"门户-AI语音面试","MyAttemptsPage.vue","通过 / 未通过判定","isPass() 只认 isSuccess 布尔与 status 字符串，完全忽略后端已下发的服务端权威字段 passed（InterviewSubmissionVO.java:42-43），且 type 里定义了 passed 却从未读取；isSuccess 为 null 时一律判「未通过」","P2","已修","v14.38","我的答题记录：通过判定优先采用服务端权威字段 passed（原忽略 passed，isSuccess 为 null 时一律判未通过）"
"门户-AI语音面试","MyAttemptsPage.vue","分页越界恢复","gotoPage 只在点击时校验 p>totalPages，但 loadSubmissions 返回后不校验 page 是否已越过新的 totalPages；自己新增提交、后端数据变化或 total 缩小时，停留在旧页码会返回空页","P2","已修","v14.38","我的答题记录：列表返回后校正越界页码（total 缩小时不再停在空页）"
"门户-AI语音面试","MyAttemptsPage.vue","分页请求竞态","page 的 watch 直接调 loadSubmissions，无请求序号/取消机制；快速连点「上一页/下一页」时两个请求并发，后返回的旧页响应会覆盖新页结果（仅同 URL 会被 client.ts:318-333 并发去重合并，不同 pageNum 不会被合并）","P2","已修","v14.32","我的答题记录：分页请求序号守卫"
"门户-AI语音面试","MyAttemptsPage.vue","答案类型标签","answerTypeMap 只覆盖 code/text/design 三类，而后端 answerType 口径为 choice/code/text/design/reading（InterviewSubmissionVO.java:33-34，另有 portal_practice_mode 字典）","P3","未修","-",""
"门户-AI语音面试","MyAttemptsPage.vue","困难度文案硬编码","difficultyMap 把 easy/medium/hard 的中文标签与 Tailwind 颜色写死在组件里，而后台已有数据字典 portal_question_difficulty（简单/中等/困难，含 listClass、dictSort），门户也有免登录字典接口 GET /portal/dict/types","P3","未修","-",""
"门户-AI语音面试","MyAttemptsPage.vue","顶部导流 Banner 文案","「刷题 + 复盘 + 语音模拟面试 闭环上线，5 题快练 · 五维雷达图 · 逐题点评一次性配齐」及 NEW 徽章、/interview/voice 跳转全部写死在模板里，版本号还写在注释里","P3","未修","-",""
"门户-AI语音面试","MyAttemptsPage.vue","吸顶栏按钮布局","面包屑与两个按钮是同一 flex 容器的三个直接子元素，配 justify-between：面包屑居左、两个按钮整组被推到最右，两按钮之间没有任何 gap 类，靠元素自带 class 的间隙勉强分开，窄屏还各自换行","P3","未修","-",""
"门户-AI语音面试","MyAttemptsPage.vue","注释卫生","两处「记录改动史」注释：「// V10.1 AI 语音面试官导流 Banner」（MyAttemptsPage.vue:174）与「// 兼容 isSuccess 布尔与 status 字符串两种情况」（MyAttemptsPage.vue:121）。前者是版本变更史，应精简为功能描述；后者在 VO 字段口径统一（补齐 passed 后）会失效","P3","已修","v14.38","我的答题记录：通过判定优先采用服务端权威字段 passed（原忽略 passed，isSuccess 为 null 时一律判未通过）"
"门户-AI语音面试","MyAttemptsPage.vue","后台菜单入口","该页对应「我的答题历史」后端接口 /portal/interview/submission/my（PortalInterviewController.java:207-216），后台面试管理下只有 面经管理/面经评论/精选笔记/语音面试/岗位模板/面试配置（admin.menus.json:314-376），「精选笔记」（cms/interview/submission/index，perms cms:interview:submission:list）语义是精选笔记，不是用户答题记录","P3","未修","-",""
"门户-话题讨论","TopicListPage.vue","发起人昵称与头像","模板读 t.creator?.nickname / t.creator?.avatar（并有 Topic.creator 嵌套类型定义），但后端话题列表返回的是平铺字段 creatorId/creatorNickname/creatorAvatar（TopicListVO.java:35-42），列表 VO 里根本没有 creator 对象","P1","已修","v13.75","话题作者字段扁平化（creatorNickname/creatorAvatar）"
"门户-话题讨论","TopicListPage.vue","搜索 / 排序列表","loadTopics 无请求序号与取消机制，且请求期间不清空 topics：switchSort/doSearch 快速连点或回车时会并发多个请求，旧响应可后到并覆盖新结果；同时 loading 为 true 时模板用 v-if 切换到 LoadingSpinner，旧数据虽被隐藏但返回后仍可能渲染成与当前 sort/keyword 不匹配的内容","P2","已修","v14.15","文章列表加请求序号守卫：过期响应/异常不覆盖当前状态，只有最后一次请求能关 loading"
"门户-话题讨论","TopicListPage.vue","分页越界恢复","与答题页同样的问题：loadTopics 成功后不校验 page 是否越过新的 totalPages；搜索/排序会先归一到第 1 页，但外部因素（后台下架话题由 active 转 archived、他人删帖）会缩小 total，停留旧页码返回空列表","P2","已修","v14.38","话题列表：列表返回后校正越界页码（后台下架/删帖使 total 缩小时不再停在空列表）"
"门户-话题讨论","TopicListPage.vue","搜索结果页 SEO","SEO 只设 title/description/keywords/canonicalPath，未设 robots；/topics?keyword=xxx 与不同 sort/page 组合都会被当作可索引页面，canonical 又固定指向 /topics（seo.ts:66-70 的 canonicalPath 不带查询串，与 location 不一致）","P3","未修","-",""
"门户-话题讨论","TopicListPage.vue","排序 Tab 硬编码","sortOptions（最新/热门/活跃，含 sort 值与 icon）写死在组件；后端 PortalTopicController.java:64-69 的 sort 参数默认值 latest、取值口径由 PortalTopicServiceImpl.java:107-114 决定，无字典或配置表","P3","未修","-",""
"门户-话题讨论","TopicListPage.vue","空态文案","只有单一空态「暂无话题 / 快来发起第一个话题」；搜索无结果时（topics 为空但 keyword 非空）也显示「暂无话题」，与 ColumnsPage.vue:234 已按 keyword 区分文案的做法不一致","P3","未修","-",""
"门户-话题讨论","TopicListPage.vue","置顶标识取值","模板用 t.pinned === 1 判断置顶，后端 TopicListVO.pinned 是 Integer（TopicListVO.java:57-58，0/1），后端排序也用 orderByDesc(pinned)；严格等于 1 的写法在类型被改成 Boolean 或返回 ""1"" 字符串时静默失效 | 一旦后端把 pinned 换成 Boolean（或 JSON 序列化成字符串），置顶徽章会整体消失，且不会有任何报错提示，属于典型口径脆弱点 | 改为 t.pinned === 1","P3","未修","-",""
"门户-话题讨论","TopicListPage.vue","注释卫生","「<!-- 页头：轻量标题 + 工具栏（与首页风格统一，去掉深色 Hero 横幅） -->」（TopicListPage.vue:136）与 ColumnsPage.vue:144 同类注释，属于记录改动史/历史实现，不解释当前为什么这么写","P3","未修","-",""
"门户-内容社区","ColumnsPage.vue","完结 / 连载中标识","types/api.ts:1937-1938 把 ColumnListItemVO.isFinished 声明为 boolean，但后端字段是 Integer（ColumnListItemVO.java:39；PortalColumn 实体 set 的也是 0/1，ColumnServiceImpl.java:125），v-if=""col.isFinished"" 恰好对 0/1 生效，类型契约是错的","P2","已修","v13.71","专栏完结/恢复连载状态写错"
"门户-内容社区","ColumnsPage.vue","顶栏总数与列表同步","筛选条「共 {{ total }} 个专栏」用的是上一次成功加载的 total，加载中/加载失败时不隐藏也不重置（error 分支只替换内容区，筛选条仍在渲染）","P3","未修","-",""
"门户-内容社区","ColumnsPage.vue","数字格式化","组件内自带 formatNumber（113-118 行，>=1000 用 k、>=10000 用 w），与 @/utils/number.ts 的 formatNumber 实现完全重复；同一批页面里 TopicListPage.vue:17 却是从 utils 导入，两种口径并存","P3","未修","-",""
"门户-内容社区","ColumnsPage.vue","空态缺少行动入口","Empty 只传 title/description，没有 #action 插槽；页头虽有「创建专栏」按钮，但搜索无结果时用户视线停留在空态区，缺少就地动作（TopicListPage.vue:230-239 已用 #action 给出「发起话题」）","P3","未修","-",""
"门户-内容社区","ColumnsPage.vue","付费专栏价格展示","后端 ColumnListItemVO 已下发 price（BigDecimal，ColumnListItemVO.java:41），卡片只展示 articleCount/subscribeCount，页面上完全不显示价格；而专栏详情有订阅（toggleSubscribe）与价格概念","P3","未修","-",""
"门户-内容社区","ColumnsPage.vue","排序 Tab 硬编码","sortOptions（latest/popular/subscribe）与中文标签写死在组件（34-38 行）；后端仅靠 ColumnQuery.sortBy 字符串（ColumnQuery.java:31-32）约定，无字典校验，传错值会静默退化为默认排序","P3","未修","-",""
"门户-内容社区","ColumnsPage.vue","搜索结果页 SEO","与话题广场同理，只设 canonicalPath='/columns'，未设 robots；/columns?keyword=xxx&sortBy=popular 等组合可被索引，canonical 固定指向 /columns（不带查询串）","P3","未修","-",""
"门户-内容社区","ColumnsPage.vue","注释卫生","「<!-- 页头：轻量标题 + 搜索 + 创建（与首页风格统一，去掉深色 Hero 横幅） -->」（144 行）与「<!-- 筛选条 -->」「<!-- 专栏卡片网格 -->」「<!-- 封面图 -->」等叙述性注释并存；前者的「去掉深色 Hero 横幅」属于历史实现记录","P3","未修","-",""
"门户-内容社区","ColumnsPage.vue","后台菜单与入口","该页对应 /portal/column/list（PortalColumnController.java:41-46，@Anonymous 公开），后台已有「专栏管理」菜单（admin.menus.json:74-85，parentId=2 内容管理，path column，component cms/column/index，perms portal:column:list），视图 moyun-admin-vue/src/views/cms/column/index.vue 存在，CmsColumnController:42 的 @PreAuthorize 与菜单 perms 一致，但菜单 visible=1（隐藏）","P3","未修","-",""
"门户-AI语音面试","ExperienceListPage.vue","面经卡片作者昵称/头像","expName/expAvatar 先读 `(exp as any).user`（后端实体与 VO 都没有 user 对象，是 types/api.ts:1379 单方面声明的假字段），回退字段 `InterviewExperienceVO.userNickname/userAvatar` 在 `PortalInterviewExperience` 上是 `@TableField(exist = false)` 瞬态字段，全仓库唯一填充点在精选笔记 `selectFeaturedSubmissions`（1152-1162）与经验列表无关；`toExperienceVO` 只做 `BeanUtils.copyProperties` 并明确注释「这里省略用户名查询」，`selectExperiencePage` 也不查 portal_user","P1","已修","v14.05","去除假字段 .user 的读取，直接用 VO 真实扁平字段"
"门户-AI语音面试","ExperienceListPage.vue","卡片置顶徽标","`v-if=""exp.isTop""` 的容器只有 `class=""relative""`，内部唯一的 span 是 `absolute top-3 right-3`，容器实际高度为 0；徽标因此浮在其后「公司/职位/年份」标签行上方，有封面图时也不落在封面上。对照 MyTopicsPage 是把置顶徽标放进封面容器（188-194 行）","P2","已修","v14.38","面经列表：置顶徽标放进封面容器（原独立 relative 容器高度为 0，徽标浮错位到标签行上方）"
"门户-AI语音面试","ExperienceListPage.vue","分页与 URL 状态","`useUrlState` 把 URL 的 page 直接回填进 `page`（无上下限校验，见 useUrlState.ts:30-42），`loadExperiences` 成功后也不把 page 校正到 `totalPages()`；带 `?page=99` 的分享/历史链接、或数据减少导致总页数变小时，后端返回空列表，页面落入空态分支","P2","已修","v14.38","面经列表：列表返回后校正越界页码（?page=99 链接或数据减少时不再落入空态）"
"门户-AI语音面试","ExperienceListPage.vue","列表加载竞态","`watch([keyword, page])` 直接调用 `loadExperiences()`，函数内既无请求序号守卫也无 AbortController；api/client.ts 的并发去重只对「完全相同的 URL」生效（client.ts:310-334），翻页/改关键词产生的是不同 URL，不会被去重或取消","P2","已修","v14.15","文章列表加请求序号守卫：过期响应/异常不覆盖当前状态，只有最后一次请求能关 loading"
"门户-AI语音面试","ExperienceListPage.vue","搜索无结果空态文案","空态只有一句「暂无面经，快来分享你的面试经验吧」（210 行），不区分「站内确实没有面经」与「关键词没搜到」；keyword 已由 useUrlState 从 URL 生效时也照此渲染，且没有清空筛选的入口","P3","未修","-",""
"门户-AI语音面试","ExperienceListPage.vue","代码卫生（死 import / 死分支 / 重复实现）","三处冗余：`import { useRoute }` 与 `const route = useRoute()`（3、20 行）定义后全页未使用（URL 状态已由 useUrlState 内部处理）；`expName/expAvatar` 中的 `(exp as any).user` 分支对本人接口永不命中（同 P1 行）；第 117-121 行的本地 `formatNumber` 与 `@/utils/number.ts:4-9` 的 1000/10000 阈值和 k/w 缩写实现完全重复，而 MyTopicsPage 已改用公共工具","P3","已修","v14.00","移除未使用的 useRoute 导入"
"门户-AI语音面试","ExperienceListPage.vue","统计数字返回值契约","`viewCount/likeCount/commentCount` 在 `InterviewExperienceVO` 是 `Long`，而 `ApplicationConfig` 注册了全局 `serializerByType(Long.class, ToStringSerializer.instance)`，实际 JSON 里是字符串；前端 types/api.ts:1370-1372 仍声明为 `number`，`formatNumber` 靠 `>=`/`/` 的隐式转换才没出错 | 当前只是侥幸正确：后续任何把计数用于严格比较（===）、Math.max、字符串方法的地方都会静默出错，且 TS 类型检查拦不住，属潜伏缺陷","P3","未修","-",""
"门户-AI语音面试","ExperienceListPage.vue","列表响应携带正文全文","`toExperienceVO` 用 `BeanUtils.copyProperties(entity, vo)` 把实体 `content`（面经正文全文）一并放进列表 VO 并逐条下发；卡片在 `summary` 为空时直接把 `content` 渲染进 `line-clamp-3` | 每页 12 条正文全文进响应体，首屏体积与流量成倍增长（弱网/移动端明显变慢，且 content 被当作搜索字段后更长）；summary 缺失的卡片会露出 Markdown 原文半截（`##`、`**` 等），排版突兀 | 列表接口不返回 content：拆分列表/详情两套 VO 字段，或在列表 VO 上忽略 content；卡片摘要只渲染 `exp.summary`，为空时不渲染摘要行（删除 `","P3","未修","-",""
"门户-AI语音面试","MyVoiceInterviewsPage.vue","「报告生成中」判定与终止","`isGenerating` 判据是 `status === 'finished' && (analysisStatus ?? 0) < 2`，把「从未分析」的 0 也当作生成中；后端 `closeStaleInterviews`（开始新面试时收口遗留 in_progress 会话）只把 status 置 finished、未置 analysis_status=1（DDL 该列 `NOT NULL DEFAULT 0`），紧接着的 `triggerBatchAnalysis` 在异步线程里因 `analysisStatus != 1` 直接 return，报告永不生成；`getAnalysisStatus` 的断链自愈分支只处理 `analysisStatus == 1`，对 0 不自愈","P1","已修","v14.04","isGenerating 只认 analysisStatus===1（0=从未分析、2=已完成），不再把""从未分析""当成生成中"
"门户-AI语音面试","MyVoiceInterviewsPage.vue","报告轮询的失败与退出","轮询用 `setInterval` 每 5 秒执行、没有最大轮数或超时，也没有失败退出：单条 `/analysis` 异常被空 `catch { stillGenerating = true }` 静默吞掉（92-94 行）只让轮询继续，用户端永远看不到「生成失败」；`generating` 是启动时的数组快照，`loadList()` 替换 list 后旧引用失效，全靠重开轮询兜住","P2","已修","v14.21","报告轮询加上限（60 轮≈5 分钟）与连续失败退出（原无限轮询、失败静默）"
"门户-AI语音面试","MyVoiceInterviewsPage.vue","重新生成报告（危险操作确认）","历史页按钮只做 `router.push({path:'/interview/voice', query:{id, regenerate:'1'}})`，报告页收到该参数后调用 `handleRegenerateReport(true)` 走 `skipConfirm`，其注释写「入口处已确认过」——但历史页从未弹出任何确认；后端该接口带 `@RateLimiter(key=""voice:regenerate"", time=3600, count=10)` 且 regenerateReport 会清空 report/summary 后重跑，属覆盖性、有成本、有限流的操作","P2","已修","v14.49","我的语音面试：重新生成报告前二次确认（原历史页直接带 regenerate=1 跳转且报告页走 skipConfirm；该操作会覆盖原报告、后端限流 10 次/小时）"
"门户-AI语音面试","MyVoiceInterviewsPage.vue","加载三态（错误态缺失）","只有 loading 与空态，没有 error 态：`loadList` 的 catch 仅 `toast.error`，`loading=false` 且 list 为空时直接落入空态分支，渲染「还没有面试记录 / 开始第一场面试」","P2","已修","v14.49","我的语音面试：新增 loadError 失败态（原只有 loading 与空态，失败被当成""还没有面试记录""）"
"门户-AI语音面试","MyVoiceInterviewsPage.vue","「再来一场」/「重新生成报告」按钮图标","模板第 165、309 行使用 `<RotateCw>`，但第 8 行导入的是 `RotateCcw`；项目未配置 lucide 图标自动导入（vite 配置无 unplugin-vue-components），`RotateCw` 无法解析","P2","已修","v14.00","移除未使用图标 RotateCcw"
"门户-AI语音面试","MyVoiceInterviewsPage.vue","我的面试记录列表接口契约","`/portal/interview/voice/my/list` 直接返回 `Page<PortalVoiceInterview>` 实体（IVoiceInterviewService.java:95 与 Impl:2427-2437），前端实际只用到 id/position/status/difficulty/totalQa/score/summary/analysisStatus/analysisProgress/createTime，但响应同时携带 `report`（整场报告 JSON，单条可达数十 KB）、`contextSnapshot`、`profileSnapshot`、`questionPaper`、`configJson`、`introScoreJson`、`shareToken` 等","P2","已修","v14.49","我的语音面试列表：后端 listMy 返回前清空 report/contextSnapshot/profileSnapshot/questionPaper/configJson/introScoreJson/shareToken 等重字段（原整场报告 JSON 随列表下发，单条数十 KB；查询结果对象不影响库内数据）"
"门户-AI语音面试","MyVoiceInterviewsPage.vue","难度/状态文案与阈值硬编码","`statusMeta`（in_progress/finished/terminated）与 `difficultyMeta`（easy/medium/hard）写死在组件里：`terminated` 后端从不产出（PortalVoiceInterview 只有 in_progress/finished，全后端 grep 无 ""terminated""）；难度枚举与后台已有字典 `portal_question_difficulty`（简单/中等/困难，admin.dicts.json:674-690）同值却未走字典；`difficultyMeta[item.difficulty |  | ''] |  | '中等'` 把「难度为空」伪装成「中等」；轮询间隔 5000 与得分档位 80/60 也是魔法数，且 80/60 在 VoiceInterviewPage.vue:1361-1366 又写了一份","P3","未修","-",""
"门户-AI语音面试","MyVoiceInterviewsPage.vue","过期「改动史」注释","逐条待清理：58 行「v11.96：报告生成中（已结束但 analysisStatus<2，历史页显示生成进度并轮询）」、63 行「v11.96：生成中项的轮询（5s 批量刷新进度；全部完成后重载列表拿最终分数/摘要）」、111 行「v11.96：存在报告生成中的记录则启动进度轮询（完成后自动重载列表并提示）」、125 行「v11.97：重新生成报告——跳转报告页并携带 regenerate 参数自动触发（仅已出报告的场次）」、241 行「v11.96：报告生成中进度徽标（异步任务可见进度）」、302 行「v11.97：重新生成报告（跳转报告页自动触发，复用报告生成进度链路）」、345 行「v11.94.1：站点尾部（模板根级，宽度与首页一致，与语音面试页统一结构）」均以版本号开头记录改动史；另有 41 行「状态映射：进行中=info，已完成=success，已中止=warning」把不存在的中止态当现状描述","P3","已修","v14.04","isGenerating 只认 analysisStatus===1（0=从未分析、2=已完成），不再把""从未分析""当成生成中"
"门户-AI语音面试","MyVoiceInterviewsPage.vue","后台排查入口（分析状态可观测性）","后台已有菜单【面试管理→语音面试】(menuId 30, component cms/voiceInterview/index, perms cms:voiceInterview:list)，但对应接口只有 GET /cms/voice-interview/list、GET /{id}、DELETE /{id}；cms/voiceInterview/index.vue 全文没有 analysisStatus/analysisProgress/重新生成相关实现，运营既看不到某场「卡在生成中」的原因，也没有重跑入口","P3","未修","-",""
"门户-话题讨论","MyTopicsPage.vue","发起人昵称/头像","前端按 types/api.ts 的 `Topic` 类型读 `t.creator?.avatar` / `t.creator?.nickname`（252-260 行），但 `/portal/topic/my/topics` 返回的是 `TopicListVO`，作者信息是扁平字段 `creatorNickname` / `creatorAvatar`（convertToListVOPage 只 set 这两个），api/topic.ts:170-172 也没有做字段映射","P2","未修","-",""
"门户-话题讨论","MyTopicsPage.vue","分页请求竞态与重复提交","`watch(page, loadTopics)` 每次翻页直接发请求，函数内无请求序号守卫或 AbortController；`loading` 只用于切换整屏加载态，没有用于禁用「上一页/下一页」按钮（314-341 行） | 快速连点翻页会并发多个不同 pageNum 的请求（client.ts 只对同 URL 去重），先发的旧页响应可能后到并覆盖新页结果；列表内容与「第 x / y 页」指示不一致，用户以为系统跳错页 | loadTopics 内引入自增 `reqSeq`，写 topics/total/error 前校验序号；翻页按钮加 `:disabled=""loading","P2","已修","v14.32","我的话题：分页请求序号守卫（过期响应不覆盖列表/错误/loading）"
"门户-话题讨论","MyTopicsPage.vue","审核状态色与置顶色硬编码","审核状态文案/颜色全部来自 utils/topicStatus.ts 的硬编码色板，本页又额外写死两处：置顶徽标 `background-color: #f59e0b`（191 行）、「修改重提」按钮的 `#dc2626` 与 `rgba(239, 68, 68, 0.3)`（302-303 行，与 topicStatus.ts:56 的 rejected 配色重复）；后台字典类型 `cms_topic_status` 已存在（admin.dicts.json:76）但文件中没有任何该类型的字典数据项","P3","未修","-",""
"门户-话题讨论","MyTopicsPage.vue","页标题与面包屑","全页没有可见页标题（模板无 h1，「我的话题」只出现在 document title 与面包屑里）；面包屑 `breadcrumbs` 只有一项且无上级链接（41-43 行），顶部栏只有「发起话题」按钮","P3","未修","-",""
"门户-话题讨论","MyTopicsPage.vue","每页条数与接口核对","`pageSize = 12` 硬编码（后端默认 10，全站列表页 10/12 混用）；A 维度其余核对通过：GET /portal/topic/my/topics 的路径与方法一致，pageNum/pageSize 与后端 `@RequestParam(defaultValue=""1""/""10"")` 同名同类型，httpGetList 已把 MyBatis-Plus `Page.records` 归一化为 `res.data.list/total`（页面按 code===200 + list/total 解析正确），401 由 client.ts 统一处理；E 维度也通过——后台已有【话题管理】(menuId 8, cms:topic:list) 承载审核/驳回链路","P3","未修","-",""
"门户-AI语音面试","SharedReportPage.vue","分享报告数据脱敏","控制器 `@Operation` 声明「通过令牌公开查看面试报告（脱敏，不含用户信息）」，但 `getSharedReport` 只是 `selectOne` 后直接 `parseReport(interview)` 返回完整报告对象；`VoiceInterviewReportVO` 里含 `candidate`（name/skills/resumeSelfIntro/aiScore）与 `jobInfo`（岗位/JD/matchRate）。页面虽未渲染这两个字段，但接口本身可被直读，且该路径在 `PortalSecurityConfig` 的 `/portal/interview/**` `permitAll` 白名单内（免登录）。全仓库无任何裁剪逻辑","P2","已修","v14.47","分享报告**脱敏**：getSharedReport 是免登录公开路径（permitAll 白名单）却直接返回完整报告，现返回前裁掉 candidate（姓名/技能/简历自述/AI 评分）与 jobInfo（岗位/JD/匹配度）"
"门户-AI语音面试","SharedReportPage.vue","相关知识点区块","页面仍渲染 `report.knowledgePoints` 区块（83-91 行）并保留 `kpItems` 的双形态兼容解析（138-142 行，兼容 string 与 `{title/desc}`），但后端已在报告生成处显式移除知识点产出：`VoiceInterviewServiceImpl` 第 1701 行注释「相关知识点生成移除（题库 tags 聚合对 agent 自由面试无参考意义，前端 Tab 已删）」，全仓库再无 `setKnowledgePoints` 调用，字段恒为 null","P2","已修","v14.46","分享报告：移除""相关知识点""区块与双形态解析（后端已显式移除该产出，字段恒 null，属死 UI）"
"门户-AI语音面试","SharedReportPage.vue","综合得分等级文案","分享页 `levelText` 用 85/70/60 阈值生成「优秀/良好/合格/待提升」，而同一份报告在站内主报告页 `scoreLevel` 用 80/70/60；后端另有结构化定级字段 `levelEstimate`（junior/mid/senior，v13.47 起的正式口径）未被分享页使用","P2","已修","v14.46","分享报告：等级阈值由 85/70/60 对齐到站内主报告页与 scoreClass 的 80/70/60（原同一分数两处显示不同等级）"
"门户-AI语音面试","SharedReportPage.vue","SEO 与分享卡片（免登录公开页）","路由声明了 `meta: { requiresAuth: false, robots: 'noindex,nofollow' }`，但全仓库没有任何代码读取 `route.meta.robots`（只有个别页面各自 `useHead` 手写 robots），而本页完全没有引入 `useHead`，因此既无 robots 也无可被社交平台抓取的 title/description/og 标签","P2","已修","v14.46","分享报告（免登录公开页）：补 useHead 输出 title/description/robots(noindex)/og 标签；原先完全没有 useHead 且全仓库无代码读 route.meta.robots"
"门户-AI语音面试","SharedReportPage.vue","加载失败态与重试","`onMounted` 的 `catch {}` 不区分错误类型，任何异常都把 `report` 置 null，模板随后只渲染「分享链接不存在或已过期 / 请向分享者索取新的链接」；页面没有任何重试入口。而 `api/client.ts` 对网络异常、非 JSON 响应（代理返回 HTML）、HTTP 5xx 都会 `throw`","P2","已修","v14.21","分享报告页区分""链接失效""与""加载失败""并给出重试（原任何异常都提示链接失效且无重试）"
"门户-AI语音面试","SharedReportPage.vue","分享落地页转化入口","公开分享页的底部只有一句免责声明（93-95 行），没有「我也要练 AI 面试」CTA，也没有指向面试记录/语音面试官的入口；页面依赖 App.vue 的全局 Navbar 提供导航（`interview-share` 不在 `noLayoutRoutes` 中，会套 Layout）","P3","未修","-",""
"门户-AI语音面试","SharedReportPage.vue","能力维度中文名","`DIM_META` 在第 110-122 行硬编码 11 个维度 key → 中文名，其中 `coverage`、`length` 两个键在当前评分引擎里已不产出（`AnswerScoringEngine` 只写 relevance/professionalism/fluency/interactivity/confidence/logic，`VoiceInterviewServiceImpl:2225` 的 LLM 六维 key 也一致），这两个键只出现在旧实体注释 `PortalVoiceInterviewQA.java:63`；未命中 key 时直接显示英文 key","P3","未修","-",""
"门户-AI语音面试","SharedReportPage.vue","自我介绍表现区块","`v-if=""report.introScore""` 只判断对象是否存在；当 `introScore` 只有 `total` 而 `dimensions`/`comment` 为空时（旧会话、解析失败回退）会渲染一张只有「—」的空卡片。同时 `introScore.total`（后端 `IntroScoreView.total`，0-100 加权分）已下发却未在任何位置展示 | 报告出现一张空白卡片，观感像加载失败；「自我介绍表现」章节看不到分数，用户无法判断自我介绍环节的表现水平 | 条件收紧为 `v-if=""report.introScore && (report.introScore.comment \","P3","未修","-",""
"门户-AI语音面试","SharedReportPage.vue","分享令牌切换","只在 `onMounted` 读取一次 `route.params.token` 并发起请求，没有 `watch(() => route.params.token)`。vue-router 在同一条路由仅参数变化时会复用组件实例（不重新挂载）","P3","未修","-",""
"门户-AI语音面试","SharedReportPage.vue","返回值类型断言","`getSharedReport` 的返回类型已是 `ApiResponse<VoiceInterviewReportVO>`（client.ts 显式构造 `{code, message, data}`），第 163 行仍写 `(res as { data?: VoiceInterviewReportVO })?.data ?? null` 做二次断言","P3","已修","v14.21","分享报告页区分""链接失效""与""加载失败""并给出重试（原任何异常都提示链接失效且无重试）"
"门户-AI语音面试","SharedReportPage.vue","后台分享链接管理与撤销","语音面试后台列表 `moyun-admin-vue/src/views/cms/voiceInterview/index.vue` 全文件无任何 share 相关字段与操作，而数据侧已存在 `share_token`、`share_expire_time`、`share_count`（创建与计数逻辑在 `VoiceInterviewServiceImpl` 2055-2088）。E 维度核查：后台「语音面试」菜单本身存在（menuId 30 / cms/voiceInterview/index / perms cms:voiceInterview:list），缺的是分享管理入口","P3","未修","-",""
"门户-AI语音面试","SharedReportPage.vue","依赖 api 模块的版本号注释","该页唯一的 API 模块 `api/voiceInterview.ts` 第 524、530 行以「v11.30.5：」开头记录「哪个版本加的」；该信息不解释任何当前实现取舍（接口路径与语义本身已自明），属记录改动史的注释","P3","未修","-",""
"门户-用户与账号","LoginPage.vue","图形验证码加载与降级","`refreshCaptcha` 的 catch 直接把 `captchaEnabled=false`（第 43 行注释「验证码拉取失败时不阻断登录（降级：不展示验证码）」），但登录是否校验验证码由后端全局开关决定：`PortalLoginServiceImpl.validateCaptcha` 第 178-181 行只看 `sys.account.captchaEnabled`，与前端是否展示无关。两条失败路径都会让用户卡住：① `getCaptchaImage` 抛错（fetch 非 JSON、网络失败）→ 前端隐藏验证码输入框、提交不带 code/uuid → 后端恒返回「验证码已失效，请重新获取」，失败后再次 `refreshCaptcha` 又失败，形成死循环；② `/captchaImage` 返回 HTTP 200 但业务码非 200（如 Redis 异常）→ `api/user.ts` 第 55 行 `data.captchaEnabled ?? true` 兜底为 true，输入框显示但 `img`/`uuid` 为空，模板第 269-270 行渲染一个永久旋转的 RefreshCw 占位，同样每次提交都失败且无任何「验证码服务异常」提示","P1","已修","v13.74/v13.79","验证码开关/弹窗加载态修复（不含""重复实现去重""""过期注释""""倒计时阈值""等条目）"
"门户-用户与账号","LoginPage.vue","登录表单校验口径","`loginSchema` 限制 username 3-20 字符、password 6-20 字符，而后端 `loginPreCheck` 允许 username 2-50、password 6-50；门户注册/改密页同样把上限定在 20，因此门户 UI 之外设置凭据的账号（后台导入、接口创建、历史数据）会与前端校验冲突","P2","已修","v14.60","登录校验口径与后端对齐：username 上限放宽到与后端一致（原 3-20 会挡掉后台导入/接口创建的长凭据账号，后端 loginPreCheck 允许 username 2-50、password 6-50）"
"门户-用户与账号","LoginPage.vue","验证码开关注释（过期注释）","第 27 行注释写「图形验证码（受后端 sys.account.captchaEnabled 开关控制；接口固定返回 captchaEnabled=true）」，与实现直接矛盾：`CaptchaController.getCode` 返回 `sysConfigService.selectCaptchaEnabled() \ | \ | loginService.isRiskCaptchaRequired(username)`，开关未开启时 `captchaEnabled=false` 且不返回 uuid/img；`SysConfigServiceImpl.selectCaptchaEnabled` 在配置项缺省时返回 false","P2","已订正","v13.72","原判断有误：@VipOnly 返回 false 是**拒绝**而非 fail-open；已在清单/CSV 以【订正】标注"
"门户-用户与账号","LoginPage.vue","页脚版权与备案号","第 335 行把备案号写死在模板：`Copyright © {{ copyrightYear }} 旭林知行 · 京ICP备xxxxxxxx号-2`，同一占位串还出现在 RegisterPage.vue:605 与 SiteFooter.vue:165。E 维度核查：后台已有「参数设置」入口（menuId 77 / system/config/index / perms system:config:list），但 sys_config 中并无备案号/站点名相关配置项（全仓库 SQL 与前端均搜不到对应 key）","P2","已修","v14.26","ICP 备案号三处重复写死 → 收敛到 src/constants/site.ts 单一来源（上线前改一处即可）"
"门户-用户与账号","LoginPage.vue","未使用导入与变量","第 8 行 `import { useToast } from '@/composables/useToast'`、第 14 行 `const toast = useToast()`，全文件再无任何 toast 调用（错误提示全部走 `serverError` 与 `errors`）。其余导入（Eye/EyeOff/Lock/ArrowRight/AlertCircle/User/ShieldCheck/RefreshCw）均已使用","P3","已修","v14.00","移除未使用的 useToast 导入"
"门户-用户与账号","LoginPage.vue","登录后回跳（redirect）","第 101-102 行 `const redirect = route.query.redirect as string; router.push(redirect \ | \ | '/')`，redirect 完全取自 URL query，没有白名单或前缀校验（路由守卫写的是站内 fullPath，但该参数用户可自行篡改）","P3","未修","-",""
"门户-用户与账号","LoginPage.vue","登录失败后的表单状态","失败分支（106 行）与 catch 分支（113 行）都执行 `passwordForm.value.password = ''` 清空密码","P3","未修","-",""
"门户-用户与账号","LoginPage.vue","风险验证码（撞库防护）","`api/user.ts` 第 52 行请求 `/captchaImage` 未带 `username` 参数，而 `CaptchaController.getCode` 支持该参数并据此调用 `isRiskCaptchaRequired`（「密码错误≥captcha.riskFailThreshold 次」或「距上次登录≥captcha.riskInactiveDays 天」时强制验证码）；同时门户登录的校验入口 `PortalLoginServiceImpl.validateCaptcha` 只判断全局开关，不判断风险。即后端设计的风险触发验证码在门户链路上「既不展示、也不校验」","P3","未修","-",""
"门户-用户与账号","LoginPage.vue","登录响应契约（refreshToken）","`LoginResponse`/`RegisterResponse` 声明了 `refreshToken` 字段，但后端登录只 put `Constants.TOKEN`（=""token""）与 `user`；且 `api/client.ts` 里的 `getRefreshToken`/`setRefreshToken`/`removeRefreshToken` 在全仓库无任何调用点，登录/注册流程也从未写入该值","P3","未修","-",""
"门户-用户与账号","LoginPage.vue","后台入口核查（E）","无缺失：门户用户管理（menuId 3 / cms/user/index / perms cms:user:list）、登录日志（monitor/logininfor/index / perms monitor:logininfor:list）、参数设置（menuId 77 / system/config/index / perms system:config:list）均已存在，登录页本身无需新增菜单。唯一缺口是备案号/版权无配置项（见上方 P2 行）与「参数设置」中缺少 `sys.site.*` 站点信息键","P3","已修","v14.26","ICP 备案号三处重复写死 → 收敛到 src/constants/site.ts 单一来源（上线前改一处即可）"
"门户-阅读空间","DiscoverPage.vue","空状态判断","`hotRanking` 只在第 62 行被赋值、只在第 312 行的空态条件里被引用，模板中没有任何区块渲染它（模板区块只有 banner / 排行榜 / 限免专区 / 最近更新）。当后端只返回 hotRanking（运营只配了首页热门推荐位，`discover_banner`、`limit_free` 为空且无最近更新）时：空态条件因 `hotRanking.length !== 0` 不成立，banner 与限免/最近更新各自 `v-if` 隐藏，页面只剩「排行榜」标题区，用户看到一块没有内容也没有提示的版面","P2","已修","v14.50","发现页空态：从空态条件中移除 hotRanking 子句（该字段模板中无任何区块渲染）—— 原先后端只返回 hotRanking 时空态不成立、其它区块又各自隐藏 ⇒ 整页只剩标题、既无内容也无提示"
"门户-阅读空间","DiscoverPage.vue","限免专区封面","第 264-268 行 `<LazyImage :src=""''"" ...>` 永远传空字符串；`LazyImage` 的 `isLoading` 初值为 true，空 src 下 img 不会触发 load，最终停在 loading 遮罩（或触发 error 显示「图片加载失败」浮层）。根因是数据源没有封面字段：`BookRecommend` 类型只声明 id/bookId/position/sort/时间/isActive/bookTitle，后端 SQL 虽然已 `left join portal_book b`，但只 select `b.title as book_title`，没有取 `b.cover` | 限免专区每张书卡都是空白/失败占位（且带一个明显不是加载中的旋转遮罩），作为运营转化位完全失效；用户点击前除了书名没有任何视觉依据 | 后端在 `selectBookRecommendVo` 增加 `b.cover as book_cover` 并在 `PortalBookRecommend`（或专用 VO）补 `bookCover` 字段，前端改 `:src=""item.bookCover \","P2","已修","v14.21","限免区封面：后端推荐 SQL JOIN 出 book_cover（实体+resultMap+SELECT+类型），前端用真实封面、无封面给占位块（原空 src 永远 loading）"
"门户-阅读空间","DiscoverPage.vue","排行榜 Tab 切换","`loadRanking` 直接覆盖写 `rankingList`（第 83 行），既无请求序号守卫也无 AbortController，Tab 按钮在 `rankingLoading` 期间仍可点击（190-193 行）。连点「热门榜→字数榜→完结榜」时，先发请求的响应若后到会把旧类型的数据写进当前 Tab；`api/client.ts` 的并发去重只对完全相同 URL 生效，不同 type 的请求不会被去重","P2","已修","v14.50","发现页排行榜：加请求序号守卫（seq + activeRankingTab 校验，过期响应丢弃）"
"门户-阅读空间","DiscoverPage.vue","排行榜错误态","`loadRanking` 的 catch 只 `console.error` 后把 `rankingList` 置空（87-92 行），模板对空列表渲染「暂无排行数据」（240-242 行）；`getRanking` 业务码非 200 时 `client.ts` 会直接 throw，同样落到空列表分支","P2","已修","v14.50","发现页排行榜：新增 rankingError 失败态（排在加载/空数据之前 + 重试），原先失败与""暂无排行数据""同态且无重试"
"门户-阅读空间","DiscoverPage.vue","热门排行数据来源","发现页接口本身已返回 `hotRanking`（`PortalReadingController.getDiscoverData` 第 477-483 行按 reading_count 取 TOP10），但 `onMounted` 又并行调用 `getRanking('hot', 10)`（49-52 行），页面只渲染后者、丢弃前者，且 discover 的 hotRanking 仍要完整序列化下发","P3","已修","v14.50","发现页空态：从空态条件中移除 hotRanking 子句（该字段模板中无任何区块渲染）—— 原先后端只返回 hotRanking 时空态不成立、其它区块又各自隐藏 ⇒ 整页只剩标题、既无内容也无提示"
"门户-阅读空间","DiscoverPage.vue","未使用导入与死变量","第 7-8 行 import 的 `Clock`、`ChevronRight` 在脚本与模板中均无使用；第 41 行 `const currentBanner = computed(...)` 定义后从未被引用（模板只用 `currentBannerIndex` 与 `switchBanner`）。对照 `portal.pages.json` 对 `unusedNamedImports` 的检测只覆盖 api 模块，故这类死导入未被记录","P3","已修","v14.00","移除未使用图标 Clock / ChevronRight"
"门户-阅读空间","DiscoverPage.vue","业务码判断分支","`client.ts` 对所有 `code !== 200` 一律 throw（175-178 行），因此第 59 行 `if (response.code === 200 && response.data)` 的 else（65-67 行）与第 81 行同样的 else（84-86 行）永不可达，`response.message` 也永远不会被取到","P3","未修","-",""
"门户-阅读空间","DiscoverPage.vue","推荐位枚举与字典","`home_banner/home_hot/category_top/limit_free/discover_banner` 这组枚举同时硬编码在三处：admin 搜索下拉与表单下拉（portal/bookRecommend/index.vue:7-11、100）、admin 标签映射与标签色（同文件 143-149、176-183）、前端类型注释（types/api.ts:991）；数据字典全量（admin.dicts.json）中不存在 `portal_book_recommend_position`","P3","未修","-",""
"门户-阅读空间","DiscoverPage.vue","Banner 轮播交互","banner 区只有底部指示点可点（167-175 行），没有自动轮播、没有左右切换按钮，指示点按钮也没有 `aria-label`/`aria-current`；渲染内容为固定渐变 + BookOpen 图标 + 书名（150-165 行），因为 `portal_book_recommend` 表与其 Mapper 只有 book_id/position/sort/时间/isActive/remark（书名靠 JOIN），没有配图或副标题字段，admin 表单也没有相应输入项","P3","未修","-",""
"门户-阅读空间","DiscoverPage.vue","榜单卡片字段完整性","榜单卡片只展示书名、作者、评分与字数（227-235 行）：热门榜的排序依据 `readingCount` 未展示，`isFinished`/`lastUpdateTime` 也未展示（完结榜、新书榜缺少口径提示）；`{{ book.rating }}` 未做格式化，未评分书籍（rating 为 0/null）会显示光秃秃的「0」","P3","未修","-",""
"门户-阅读空间","DiscoverPage.vue","完整榜单入口","排行榜固定请求 10 条（第 80 行 `getRanking(type, 10)`，后端支持 limit≤50 且已返回 total），页面没有任何「查看更多/完整榜单」入口；路由中 `/ranking` 是成长体系排行榜页（GrowthRankingPage），与书籍榜无关，站内不存在书籍榜单页","P3","未修","-",""
"门户-阅读空间","DiscoverPage.vue","后台入口核查（E）","无缺失：发现页数据源均有后台入口——推荐位管理（发现页轮播/限免专区，menuId 44 / portal/bookRecommend/index / perms portal:bookRecommend:list）、书籍管理（最近更新依赖 portal_book 的 last_update_time，menuId 41 / portal/book/index）、`discover_banner` 与 `limit_free` 均在 admin 下拉可选；排行榜为按书籍字段计算的派生结果，无需配置项","P3","未修","-",""
"门户-用户与账号","MyReportsPage.vue","筛选（状态/类型）","处理状态与举报类型的选项、文案、颜色全部硬编码在页面，未使用已存在的字典 cms_report_type / cms_handle_status；同一套枚举在提交页 ReportFeedback.vue 已经是字典驱动","P2","已修","v13.91","我的举报状态/类型改字典驱动（并补字典数据）"
"门户-用户与账号","MyReportsPage.vue","列表三态（error）","加载失败只在 catch 里弹 toast，页面没有 error 状态：失败后 reportList 为空，模板直接落到 Empty 空态并显示“暂无举报记录／您还没有提交过举报”","P2","已修","v14.20","举报列表失败态排在空态之前（原失败被说成""暂无举报记录""）"
"门户-用户与账号","MyReportsPage.vue","分页列表刷新","列表走 httpGetList，带 10s TTL 缓存与并发去重；页面只在 mount/筛选/翻页时请求，没有任何手动刷新入口","P3","未修","-",""
"门户-用户与账号","MyReportsPage.vue","举报详情弹窗／图片预览","弹窗只支持点击遮罩关闭，未监听 Esc，未锁定 body 滚动，容器没有 role=""dialog""／aria-modal／aria-labelledby；图片预览层同样只支持点击关闭","P3","未修","-",""
"门户-用户与账号","MyReportsPage.vue","站内信→举报详情深链","后端处理通知文案写“可在「我的举报」中查看详情”并携带 data={""bizType"":""report"",""id"":N}，但本页不读取任何 route query，打开后不定位、不展开该条举报","P3","未修","-",""
"门户-用户与账号","MyReportsPage.vue","列表字段类型契约","后端 ApplicationConfig 把 Long 统一序列化为字符串（id、targetId 实际是 ""12""），而前端 MyReportRecord 把 id/targetId 声明为 number","P3","未修","-",""
"门户-用户与账号","MyReportsPage.vue","后台菜单与入口","无问题：后台“门户管理／内容管理／举报管理”菜单已存在，含 cms:report:list 与 cms:report:handle，门户侧 Navbar/个人中心也有“我的举报”入口","P3","未修","-",""
"门户-静态页","HelpCenter.vue","联系客服 CTA","“没有找到答案？联系客服”卡片里的按钮既没有 @click 也没有 href，点击完全无响应（模板里也没有任何包裹点击事件）","P1","已修","v13.74","「联系客服」按钮已接 @click 跳转反馈页（原判断已过时）"
"门户-静态页","HelpCenter.vue","搜索与分类切换的错误态","searchHelpArticles 与 getHelpArticlesByCategory 的 catch 只 console.error，没有 error 文案也没有清空旧数据；失败后 displayArticles 为空，模板落到“没有找到相关问题／该分类下暂无问题”","P2","已修","v14.20","帮助中心搜索/分类失败态（独立 helpError，避免整页报错）+ 重试"
"门户-静态页","HelpCenter.vue","搜索（竞态）","300ms 防抖只减少请求次数，不做请求取消或序号校验：慢的旧关键词响应可以覆盖新关键词的返回结果（searchResults 被后到的旧响应写入）","P2","已修","v14.57","帮助中心搜索：加请求序号（防抖后迟到响应不再覆盖新关键词结果）"
"门户-静态页","HelpCenter.vue","空态呈现","空态是手写的 div＋Search 图标，未复用项目统一 Empty 组件（MyReportsPage 等页面均使用），且搜索结果不显示命中条数","P3","未修","-",""
"门户-静态页","HelpCenter.vue","搜索结果条数上限","后端 searchArticles 固定 limit 50，前端拿到 50 条时无任何“已显示前 50 条/请精确关键词”的提示","P3","未修","-",""
"门户-静态页","HelpCenter.vue","分类图标映射","前台 iconMap（12 个 lucide 图标）与后台帮助分类的 iconOptions（12 项）是两份独立硬编码列表，仅靠注释约定“保持同源”","P3","未修","-",""
"门户-静态页","HelpCenter.vue","精选问题数量","“常见问题”初始列表来自后端精选，条数被后端硬编码为 5（selectFeaturedArticles(5)），页面无“查看更多/全部问题”入口（只有分类卡片）","P3","未修","-",""
"门户-静态页","HelpCenter.vue","文章浏览量/排序数据","前端只在页面内联展开 FAQ，从不触发文章详情；后端 selectArticleDetail（内含 incrementViewCount）已无 Controller 入口，导致 portal_help_article.view_count 永不增长，而精选列表按 view_count desc 排序","P3","未修","-",""
"门户-静态页","HelpCenter.vue","过期注释（改动史）","PortalHelpController 类注释里整段“历史清理说明：categories/featured/article/{id} 等接口曾因前端无调用被删除……仅删除 Controller 层入口”，属记录改动史且已与当前实现脱节（category/{id} 已经恢复，并非残留）","P3","未修","-",""
"门户-静态页","HelpCenter.vue","后台菜单与入口","无问题：后台“门户管理／内容管理”下已有“帮助中心”（menuId 20，tab 容器）以及隐藏的“帮助文章”（menuId 10）、“帮助分类”（menuId 11），front 侧 Navbar 与 SiteFooter 均有 /help 入口","P3","未修","-",""
"门户-成长体系","AchievementsPage.vue","达成时间展示","达成时间直接渲染后端字段：{{ ach.earnedTime }} 达成，而后端 LocalDateTime 走 JavaTimeModule 序列化为 ISO 字符串，页面会显示 2026-01-01T10:00:00 达成","P2","已修","v14.57","成就页：达成时间走 formatDate（原先直出后端 ISO 串，显示 2026-01-01T10:00:00 达成）"
"门户-成长体系","AchievementsPage.vue","加载失败与筛选无结果的空态","loadData 的 catch 只 console.error，没有 error 状态；加载失败与“某模块筛选后 0 条”都落到同一块“暂无成就数据／成就体系正在筹备中，敬请期待”","P2","已修","v14.20","成就页加载失败态与""筛选无结果""空态区分"
"门户-成长体系","AchievementsPage.vue","徽章图标兜底","图标节点是 v-if=""ach.icon"" 的 img，配 @error 把自身 display:none，紧随的 v-else 组件只在 icon 为空时才渲染，因此图标 URL 404 后圆圈内什么都没有（无 Award/Lock 兜底）","P2","已修","v14.57","成就页：图标 404 时回退到内置 Award/Lock 图标（原先只把 img 隐藏 ⇒ 圆圈内空白）"
"门户-成长体系","AchievementsPage.vue","查看他人成就（身份展示）","他人视角只把标题改成写死的“TA的成就”，既不显示对方昵称/头像，也不提供返回其主页的入口；而 UserGrowthVO 已返回 nickname/avatar，页面还 import 了 getSafeAvatar 却未使用","P2","已修","v14.27","查看他人成就：展示对方昵称/头像并提供返回主页入口；同时补齐前端 UserGrowthVO 缺失的 nickname/avatar 类型（后端已返回）与 getSafeAvatar 导入"
"门户-成长体系","AchievementsPage.vue","未使用导入与死函数","存在三处无用代码：import { useRouter } 与 const router = useRouter()（全文无调用）、import { getSafeAvatar }（全文无调用）、moduleIconMap 与 getModuleIcon()（模板未引用，模板用的是 opt.icon 与 Award/Lock/CheckCircle2）","P3","已修","v14.00","移除未使用的 router 变量与 useRouter 导入"
"门户-成长体系","AchievementsPage.vue","过期注释（改动史）与模板缩进","三处“记录改动史”注释：徽章图标（v1.1.2：图标缩小一半，原 w-16 h-16 sm:w-20 sm:h-20）、达成标记（v1.1.2：随主图标同步缩小一半，原 w-5 h-5 → w-3 h-3）、名称（v1.1.2：字号同步缩，原 text-sm sm:text-base → text-xs sm:text-sm）；同时 238-268 行的图标块缩进断裂（顶格 4 空格，父级为 12 空格）","P3","未修","-",""
"门户-成长体系","AchievementsPage.vue","import 位置","import { watch } from 'vue' 写在 onMounted 之后的脚本中部（第 105 行），而不是与第 2 行的 vue import 合并","P3","未修","-",""
"门户-成长体系","AchievementsPage.vue","页脚（排版一致性）","页面没有引入 SiteFooter（全站 66 个页面含 MyReportsPage、HelpCenter 都有页脚），/achievements 底部直接结束于内容区","P3","未修","-",""
"门户-成长体系","AchievementsPage.vue","路由参数兜底（?userId=）","route.query.userId 未做任何校验就直接拼进 /portal/growth/user/{userId} 与查询参数：非数字（?userId=abc、?userId=1%2F2）会命中 PathVariable Long 转换失败返回 400，被 catch 吞掉后静默无成长数据、无提示","P3","未修","-",""
"门户-成长体系","AchievementsPage.vue","公开数据可见范围","本页他人视角依赖的 /portal/growth/user/** 与 /portal/growth/achievements 在 PortalSecurityConfig 中为 permitAll，任何人可用 userId 递增枚举并读取他人等级、头衔、累计成长值、赛季排名","P3","未修","-",""
"门户-成长体系","AchievementsPage.vue","模块筛选口径","后台成就的“所属模块”取值为 article/reading/interview/all（all 表示“通用”成就），而本页筛选项的 'all' 已被“全部”占用，filteredAchievements 在 'all' 时直接返回全量","P3","未修","-",""
"门户-成长体系","AchievementsPage.vue","后台菜单与入口","无问题：后台“系统设置／成长管理”下已有“成就管理”（menuId 98，component cms/growth/achievement/index，perms cms:growth:list）与“徽章管理”（menuId 97，可发放/撤销用户徽章），成就数据可运营","P3","未修","-",""
"门户-学习工具","PracticeChoiceListPage.vue","题目列表接口契约（A 维度核对通过）","核对通过：页面 `getQuestionList({pageNum,pageSize,difficulty,keyword,practiceMode:'choice'})` → `httpGetList('/portal/interview/question/list')` → 后端 `GET /portal/interview/question/list`（@Anonymous 公开）。逐项一致：pageNum/pageSize 与 PageDomain 的 `pageNum/pageSize`（默认 1/10）同名同类型，由 PageUtils 读取并做 >0 兜底与 100 上限；difficulty/keyword/practiceMode 都是 InterviewQuestionQuery 的真实字段，service 精确 `eq(difficulty)`、keyword 做 title/description 嵌套 like（避免裸 or 破坏 status/practiceMode 前置条件），practiceMode='choice' 确实生效，排序 sort 升序 + createTime 降序；分页信封由 client.ts 把 MyBatis-Plus 的 `records/total` 归一化为 `res.data.list/total`，页面按 list/total 解析正确；未登录门禁一致（后端 @Anonymous + 路由 meta isPublic）；E 维度通过——后台已有【学习管理→题库管理】承载题目维护，且该视图已用 portal_practice_mode/portal_question_difficulty 渲染练习模式与难度","P3","未修","-",""
"门户-学习工具","PracticeChoiceListPage.vue","难度筛选（路由参数兜底）","`activeDifficulty` 直接取 `route.query.difficulty` 原文，既不做白名单校验也不做小写归一；后端是精确匹配（`eq(difficulty)`），所以任何脏值（`?difficulty=Easy`、`?difficulty=1`、外部系统或语音面试页拼错的值）都会命中 0 条；同时 4 个难度按钮的「选中态」判据是 `activeDifficulty === opt.value`，脏值下没有任何按钮高亮 | 用户点开分享/历史里的脏链接，看到「暂无符合条件的题目」+「换个难度或关键词试试」，却没有任何难度按钮是高亮的，无法判断当前筛选是什么、也无法通过界面回到正常结果（只能猜着点一个难度） | 在 setup 内对 route.query 做白名单归一：`const d = String(route.query.difficulty \","P2","已修","v14.60","选择题列表难度筛选：加白名单（easy/medium/hard）+ 小写归一，非法值忽略（原直接把 URL 原文当筛选值，后端精确匹配 ⇒ ?difficulty=Easy 等脏值命中 0 条）"
"门户-学习工具","PracticeChoiceListPage.vue","分页参数兜底与越界恢复","`page` 取 `parseInt(route.query.page) \ | \ | 1`，负数/0 之外的值原样保留：`?page=-5` 时 `-5 \ | \ | 1 = -5`，请求把 pageNum=-5 发给后端，后端 PageUtils 兜底成第 1 页返回数据，前端却按 `page=-5` 渲染「-5 / 3」；`?page=999` 时后端返回空 records + 真实 total，页面落入「暂无符合条件的题目」空态，而分页条渲染「999 / 3」，上一页按钮可点但 `gotoPage()` 的越界 return 会让它毫无反应、下一页禁用，列表加载成功后也不使用响应里的 `res.data.page` 回正本地页码","P2","已修","v14.20","练习列表页码解析兜底：负数/非法值夹到 >=1（原 ?page=-5 会原样发给后端）"
"门户-学习工具","PracticeChoiceListPage.vue","列表加载竞态","`watch([activeDifficulty, keyword, page], ...)` 每次变化直接调 `loadQuestions()`，函数内既无自增请求序号也无 AbortController；api/client.ts 的并发去重只对「完全相同的 URL」生效，切难度/翻页产生的是不同 URL，不会被合并或取消","P2","已修","v14.15","文章列表加请求序号守卫：过期响应/异常不覆盖当前状态，只有最后一次请求能关 loading"
"门户-学习工具","PracticeChoiceListPage.vue","难度文案与色板（写死代码）","难度选项与徽章色板在本页写死为 `DIFFICULTY_OPTIONS`（42-47）与 `DIFFICULTY_MAP`（48-52），而字典 `portal_question_difficulty`（easy/medium/hard，list_class=success/warning/danger）早已有数据且在管理端与门户题库列表页都被使用：QuestionListPage.vue 用 `useDictData(['portal_question_difficulty'])` 渲染筛选项与徽章（字典优先、本地默认兜底），题库管理后台也用同一字典（cms/interview/question/index.vue:41-43,153-154）","P2","已修","v13.91","练习页难度改字典驱动 + 本地兜底"
"门户-学习工具","PracticeChoiceListPage.vue","响应解析死分支","`if (res.code === 200 && res.data) { ... } else { error.value = res.message \ | \ | '加载题目失败' }` 的 else 分支不可达：`getQuestionList` 用 `httpGetList`，而 httpGetList/fetchListPage 在 `!response.ok \ | \ | data.code !== 200` 时已 `reject`（catch 统一接管），且成功分支恒返回 `{code:200, data:{list,total,...}}`，`res.code===200` 与 `res.data` 永远成立 | 死代码让后来者以为该接口存在「200 但无 data」的返回形态，可能照此复制去写其它页面的错误处理；真实失败路径（网络异常/500/401）实际只由 catch 覆盖 | 删掉 else 分支，只保留 `questions.value = res.data.list \ | \ | []; total.value = res.data.total \","P3","已修","v13.74","列表分页字段与缓存口径"
"门户-学习工具","PracticeChoiceListPage.vue","与编程题页重复实现","本页与 PracticeCodingListPage.vue 都是 296 行，模板与逻辑逐行同构，唯一差异是 `practiceMode`（68 行 vs 68 行）、页头标题/副标题（148-152）、图标（243）与 SEO 文案（34-39）；筛选、分页、URL 回写、空态、竞态问题全部两份，修一处容易漏另一处","P3","未修","-",""
"门户-学习工具","PracticeChoiceListPage.vue","题目卡片与分页控件的可访问性","题目卡片是可点击的 `div`（`@click=""gotoQuestion(q.id)""`），没有 `role=""button""`、`tabindex`、`@keydown.enter`，无法用键盘/Tab 进入；分页的上一页/下一页按钮内只有 `<ChevronLeft/>` `<ChevronRight/>` 图标，没有 `aria-label`/`title`/文字，读屏只会读出「按钮」；难度按钮也没有 `aria-pressed` 表达选中态","P3","未修","-",""
"门户-学习工具","PracticeCodingListPage.vue","题目列表接口契约（A 维度核对通过）","核对通过（与选择题页同源，仅 practiceMode='coding'）：`httpGetList('/portal/interview/question/list')` 与后端 `GET /portal/interview/question/list` 路径/方法一致；pageNum/pageSize、difficulty、keyword、practiceMode 参数名与后端 InterviewQuestionQuery/PageDomain 完全对应，`practiceMode='coding'` 在 buildQuestionQueryWrapper 中生效；响应 `records/total` 经 client.ts 归一化为 `list/total`，页面解析正确；返回 VO 的 tags 由逗号串切分为数组、companies 由 companyMapper 关联填充，模板里的 `q.tags.join('、')` 与 `q.companies.map(c=>c.name)` 不会报错；`acceptanceRate` 后端按 `successSub*100/totalSub` 计算（0-100 口径），页面拼 `%` 展示正确；未登录/权限门禁一致（后端 @Anonymous，路由 meta isPublic）","P3","未修","-",""
"门户-学习工具","PracticeCodingListPage.vue","难度与分页路由参数兜底","与选择题页同构缺陷：`activeDifficulty` 未做白名单/小写归一（19 行），后端精确 eq 导致 `?difficulty=Hard` 这类链接命中 0 条且 4 个难度按钮全不高亮；`page` 未做正数与上界校验（24 行），`?page=-5` 会渲染「-5 / n」，`?page=999` 会落到空态并让上一页/下一页按钮双双失效（112-116 的越界 return），且不用响应里的 `res.data.page` 回正","P2","已修","v14.24","编程练习列表：难度参数小写归一 + 字典就绪后校验非法值归零；页码夹到 >=1"
"门户-学习工具","PracticeCodingListPage.vue","列表加载竞态","`watch([activeDifficulty, keyword, page], () => { syncFilterToUrl(); loadQuestions(); })` 无请求序号/取消机制，`loadQuestions` 也不判断响应是否属于最后一次请求；client.ts 的 10s 列表缓存只按 URL 命中，不同筛选参数是不同 key，不构成保护","P2","已修","v13.74","列表分页字段与缓存口径"
"门户-学习工具","PracticeCodingListPage.vue","难度文案与色板（写死代码）","难度筛选项与徽章色板同样写死在组件内（42-52），没有使用已有数据的 `portal_question_difficulty` 字典；同仓库 QuestionListPage 与后台题库管理（cms/interview/question/index.vue:11,41-43,80-85,153-154）都已按该字典渲染","P2","已订正","v13.91","复核：难度选项与徽章样式自 v13.91 起已由字典 portal_question_difficulty 驱动（DIFFICULTY_OPTIONS/DIFFICULTY_MAP + 本地兜底），原报告基于旧版本代码"
"门户-学习工具","PracticeCodingListPage.vue","画面解析死分支与卡片/分页可访问性","两处卫生问题：(1) 73-78 行 `else { error.value = res.message }` 与选择题页一样不可达（httpGetList 非 200 直接 reject），属死分支；(2) 题目卡片用 `div @click`（232-238），无 `role`/`tabindex`/键盘事件，翻页按钮只有图标无 `aria-label`/`title`（273-291），键盘与读屏用户无法进入题目或翻页","P3","未修","-",""
"门户-学习工具","PracticeCodingListPage.vue","题库数据源链路上的死代码与过期映射","`PortalInterviewQuestionMapper.selectPortalInterviewQuestionList`（25 行）与 `selectPortalInterviewQuestionById`（33 行）在全仓库（含 XML、portal/ledger 前端）都只有声明与 XML statement，没有任何 Java 调用点；对应的 resultMap `PortalInterviewQuestionResult` 停留在题库重构前：只映射 id/title/description/difficulty/category_id/tags/companies/acceptance_rate/submission_count/like_count/hint/solution/sort/status 等，缺 practice_mode、question_type、options、correct_answer、analysis、knowledge_tags 等 v10.6 起的判分与筛选字段（服务端实际走 MyBatis-Plus LambdaQueryWrapper，因此这些旧方法若被误用会静默返回 practiceMode=null 的实体）","P3","未修","-",""
"门户-用户与账号","MyFeedbackPage.vue","我的反馈列表接口契约（A 维度核对通过）","核对通过：`getMyFeedbacks({pageNum,pageSize,status,feedbackType})` → `httpGetList('/portal/feedback/my-list')` → 后端 `GET /portal/feedback/my-list`（PortalReportFeedbackController.myFeedbackList，未标 @Anonymous 即需登录）路径/方法一致；pageNum/pageSize 由 PageUtils.startPage() 从请求参数读取（TableSupport 的 PAGE_NUM='pageNum'/PAGE_NUM_ALIAS='page'、PAGE_SIZE='pageSize'），与前端同名同类型；status/feedbackType 由形参 `PortalFeedback query` 绑定，字段名与前端一致且是实体真实字段（57-60 行枚举 pending/processing/resolved/rejected 与页面 HandleStatus 口径完全一致）；查询强制 `userId = 当前登录用户` 并 orderByDesc(createTime) 无越权；响应为 MyBatis-Plus Page，client.ts 把 `records/total` 归一化为 `res.data.list/total`，页面解析正确；接口返回的 handler/handleResult/handleTime 在审核链路被真实写入（AuditContentAdapter.applyFeedback），详情弹窗有值可展示；路由 meta 与页面 requireAuth 均要求登录，与后端一致","P3","未修","-",""
"门户-用户与账号","MyFeedbackPage.vue","处理状态与反馈类型枚举（字典空转 + 前端写死）","本页 `statusOptions`/`typeOptions` 把 4 个处理状态与 4 个反馈类型（含颜色）写死在组件内（42-54）；对应字典「处理状态 cms_handle_status」「反馈类型 cms_feedback_type」在 sys_dict_type 里有类型行，但全仓库（init-sql 与 increment-sql）都没有任何 sys_dict_data 数据行——同一类问题此前已为 portal_question_difficulty 补过一次数据（increment-sql/20260929-01 明确写「sys_dict_type 有类型行，但 sys_dict_data 数据行从未初始化」），这两个类型被漏掉。后果是后台【内容管理→反馈管理】(cms/feedback/index) 的类型筛选、状态筛选、状态列 dict-tag 与「处理」弹窗的状态下拉全部为空（该弹窗状态是必填，只能沿用默认 resolved，无法选「处理中」「已驳回」），而门户同一份枚举靠前端硬编码兜底","P1","已修","v14.03","反馈状态/类型改字典驱动 + 兜底；并补齐 cms_feedback_type 字典数据"
"门户-用户与账号","MyFeedbackPage.vue","加载失败的错误态（假空态）","`loadList` 只有 loading 与空态两态：catch 里仅 `toast.error(e?.message)`，不清空也不标记错误，`finally` 把 loading 置 false 后，模板的 `v-else-if=""feedbackList.length === 0""` 立即命中，渲染「暂无反馈记录 / 您还没有提交过反馈」+「去提交反馈」；页面没有 error ref，也没有重试入口 | 接口 500/网络异常/会话异常时用户看到的是「您还没有提交过反馈」，会以为自己提交过的反馈记录被清空（数据丢失恐慌）；toast 几秒后消失，页面没有任何故障痕迹与重试入口，只能手动刷新。与 MyReportsPage 同样缺错误态，反馈/举报两个页面口径一致地误报 | 参照 PracticeChoiceListPage.vue:31,208-216 的做法加 `const error = ref<string \ | null>(null)`，catch 内 `error.value = e?.message \","P2","已修","v14.24","我的反馈：失败态排在空态之前；空态文案区分""无数据""与""筛选无结果""并提供重置筛选"
"门户-用户与账号","MyFeedbackPage.vue","「提交反馈」入口跳转到错误 Tab","页头「提交反馈」按钮执行 `router.push('/report')`（109-111、144-151 行），而 `/report` 对应 ReportFeedback.vue，其 `activeTab` 默认写死 `'report'` 且全文没有 useRoute，不读取任何 query 参数；同仓库 MessagesPage.vue:47-50 已确立「支持 ?tab= 深链」的写法 | 用户从「我的反馈」空态或页头点「提交反馈」，落到的是「举报」表单；必须自己找到并点击「反馈」页签才能填写，文案与结果不符，容易误提交举报（举报带审核与下架联动）。空态 CTA「去提交反馈」同样落错 Tab | ReportFeedback.vue 增加 `const route = useRoute()` 与 `const initialTab = (route.query.tab as 'report' \ | 'feedback') \","P2","已修","v14.29","反馈入口 Tab：goSubmit 带 ?tab=feedback，举报/反馈页按 query.tab 初始化 activeTab（原点""提交反馈""落到举报表单）"
"门户-用户与账号","MyFeedbackPage.vue","空态文案不区分「无数据」与「筛选无结果」","空态固定渲染 `title=""暂无反馈记录"" description=""您还没有提交过反馈""` + 「去提交反馈」按钮（184-188 行），完全不看 statusFilter/typeFilter 是否已生效；而 statusFilter/typeFilter 只在点「筛选」时应用，筛选状态又没有任何可视化回溯（见 URL 未同步一条） | 有反馈但筛选条件不匹配的用户（例如筛「已驳回」而全部反馈都是「待处理」）被告知「您还没有提交过反馈」，与事实矛盾，会引导其重复提交反馈；同时空态没有「清空筛选」入口，用户只能自己想到点「重置」 | 空态按筛选状态分支：`statusFilter \","P2","已修","v14.24","我的反馈：失败态排在空态之前；空态文案区分""无数据""与""筛选无结果""并提供重置筛选"
"门户-用户与账号","MyFeedbackPage.vue","筛选状态未回写 URL","与站内列表页惯例不一致：PracticeChoiceListPage/PracticeCodingListPage（119-131 行）与 QuestionListPage 都把筛选与页码回写 URL（`router.replace({query})`），本页 statusFilter/typeFilter/pageNum 只存在内存，onMounted 也不读 `route.query`","P3","已修","v14.24","我的反馈：失败态排在空态之前；空态文案区分""无数据""与""筛选无结果""并提供重置筛选"
"门户-用户与账号","MyFeedbackPage.vue","筛选与翻页的请求竞态","`handleQuery()` 与 `handlePageChange()` 都直接调 `loadList()`，函数内没有请求序号守卫或 AbortController；`loading` 只用于切换整屏 LoadingSpinner，未用于禁用「筛选」按钮与 Pagination（Pagination 只在页码相等时拦截重复点击，见 Pagination.vue:52-53）","P3","未修","-",""
"门户-用户与账号","MyFeedbackPage.vue","回跳路径硬编码与重复门禁","`onMounted` 里 `requireAuth('/my/feedback')` 把回跳地址写成字面量而不是 `route.fullPath`（会丢掉 query），且该页路由已声明 `meta: { requiresAuth: true }`，全局守卫与页面内检查重复；同目录 MyReportsPage.vue:119-121 是同样写法","P3","未修","-",""
"门户-用户与账号","MyFeedbackPage.vue","详情弹窗关闭方式与过期注释","弹窗根节点写了 `@click.self=""closeDetail""`（232 行），但紧随其后有一个 `absolute inset-0 bg-black/50` 的遮罩层（233 行）铺满整个 fixed 容器，点黑色区域时事件目标始终是遮罩子元素而非根节点，`self` 判断永不成立——「点遮罩关闭」实际失效，只剩右上角 X 可关闭，且没有 Esc 键关闭与焦点管理（MyReportsPage.vue:237-238 同缺陷）；另外 133 行注释 `<!-- 标题 + 新建 -->` 描述的是块内实际为「提交反馈」按钮（144-151 行），属从举报页复制来的失效注释","P3","未修","-",""
"门户-用户与账号","MyFeedbackPage.vue","处理进度通知链路的默认口径","门户侧本页是用户获知处理进度的唯一入口（无轮询、无角标），而后端只在后台处理时显式勾选「站内信通知提交人」才发通知：CmsFeedbackController 的 `sendHandleNotification` 由 `notifyUser==true` 触发；审核中心链路 AuditContentAdapter.applyFeedback 直接改库并只写日志，不产生任何通知","P3","未修","-",""
"门户-话题讨论","TopicEditPage.vue","保存话题（清空描述/封面）","提交体在描述/封面为空时以短路写法回退为 undefined（`description.value.trim()` 与 `cover.value` 为空即给 undefined），`httpPut` 走 `JSON.stringify`，undefined 字段被整个丢弃；后端 updateTopic 只对 `topic.getXxx() != null` 的字段下 set（PortalTopicServiceImpl.java:230-232），因此「把描述清空后保存」「把封面清空后保存」都不会落库","P1","已修","v13.80","C-30：清空描述/封面改为提交空串（原 undefined 被 JSON.stringify 丢弃）"
"门户-话题讨论","TopicEditPage.vue","移除封面","点击封面右上角 × 立即置空并调用 deletePortalFile 真删存储文件（含 sys_file 记录），但「保存」并未提交清空动作；用户随后点「取消」或直接离开页面，话题记录里的 cover 字段仍是旧 URL，而文件已不存在","P1","已修","v13.80","C-31：点 × 改为标记待删（pendingCoverDeletion），保存成功后才真删"
"门户-话题讨论","TopicEditPage.vue","话题描述编辑（长度校验）","描述用 MarkdownEditor，无 maxlength、无字数提示、后端 createTopic/updateTopic 也无长度校验（PortalTopicServiceImpl.java:161-179、216-235），但 DDL 中 `portal_topic.description` 为 varchar(500)","P1","已修","v13.80","C-32：描述加 maxlength + 字数提示；后端补长度校验"
"门户-话题讨论","TopicEditPage.vue","被驳回/待审核话题重新编辑","门户把 rejected/pending 标记为可编辑（topicStatus.ts:33、57），编辑页只调 updateTopic；后端 edit 不重置状态、不重建审核任务（对比 createTopic 会 auditTaskService.submit），因此编辑被驳回的话题后状态仍是 rejected，永远不会再进入审核队列，也没有任何「重新提交审核」接口","P1","已修","v13.80","编辑被驳回/待审核话题后重置为 pending 并重建审核任务"
"门户-话题讨论","TopicEditPage.vue","编辑保存（内容安全）","创建话题 save 会做敏感词前置拦截并写审计日志（PortalTopicController.java:99-106），编辑接口 edit（:117-129）与 updateTopic 内均无任何敏感词扫描与状态回退","P1","已修","v13.80","话题：描述长度、封面、改后重新送审、敏感词"
"门户-话题讨论","TopicEditPage.vue","编辑权限校验","前端自行用 `String(res.data.creatorId) !== String(userStore.user?.id)` 判断归属，而后端 getInfo 已返回可直接使用的 `isOwner`（PortalTopicServiceImpl.java:149、153）","P3","已修","v13.74/v13.75/v13.80","话题/评论作者字段扁平化（原嵌套取不到）"
"门户-话题讨论","TopicEditPage.vue","页面要素（标题/审核状态）","页面无可见页标题（仅面包屑「编辑话题」），也不展示话题当前审核状态与驳回原因（详情页有该提示：TopicDetailPage.vue:638-644），被驳回者编辑时看不到「为什么被驳回」","P3","未修","-",""
"门户-话题讨论","TopicEditPage.vue","硬编码与动态化","写死项：`businessType='topic_cover'` 字面量（与 TopicCreatePage.vue:47 重复）、标题上限 `maxlength=""100""`+`t.length < 2` 校验与「xx / 100」文案三处硬编码、封面尺寸 w-64 h-36 固定","P3","已修","v13.80","C-32：描述加 maxlength + 字数提示；后端补长度校验"
"门户-话题讨论","TopicEditPage.vue","路由参数兜底与卫生项","route.params.id 直接拼进 URL，非数字 id（如 /topic/edit/abc）会 404 并被 client.ts:163-167 转成「服务暂时不可用（HTTP 404）」；工具栏右侧保留空的占位 div；`.filter(Boolean)` 之外无兜底","P3","未修","-",""
"门户-学习工具","CompanyPage.vue","公司题目 Tab（分页列表）","前端传 `companyId`（api/company.ts:22-30 → CompanyPage.vue:107），但后端 buildQuestionQueryWrapper 完全没有处理 query.getCompanyId() 的分支，`/portal/interview/question/list?companyId=x` 会忽略该参数返回全库 published 题目；且题目-公司关联表 portal_interview_question_company 无任何写入方（batchInsert 无调用者），toQuestionVO 只从该表读公司（PortalInterviewServiceImpl.java:1733-1734），VO.companies 恒为空","P1","已修","v13.76/v13.80","公司筛选条件未生效"
"门户-学习工具","CompanyPage.vue","公司主页入口（可达性）","全仓库仅在 router 中注册了 `/interview/company/:id`，没有任何页面跳转到它：面试首页「热门公司」卡片带 cursor-pointer 与 hover 位移却无 @click（InterviewPage.vue:597-608），题目详情的公司标签是纯 span（QuestionDetailPage.vue:445-452），后端也不存在 `/portal/interview/company/list` 列表接口（endpoints.json 仅 `/portal/interview/company/{id}`）","P1","已修","v13.76/v13.80","公司筛选条件未生效"
"门户-学习工具","CompanyPage.vue","Tab 数据加载失败提示","loadTabData 的 catch 把错误写进 `error`（:118），但模板错误块条件是 `error && !company`（:155），而 loadTabData 开头 `if (!company.value) return`（:103），即该错误赋值永远无法渲染；列表被清空后直接落到「该公司暂无关联题目/暂无面经」空态","P2","已修","v14.23","公司页 Tab 失败态：新增 tabError 并在 Tab 区渲染 + 重试（原错误只写进 error，而渲染条件是 error && !company ⇒ Tab 失败永不显示）"
"门户-学习工具","CompanyPage.vue","面经 Tab（公司面经列表）","用公司详情接口返回的 `company.name` 作为 `company` 参数，后端按面经自由文本字段做 `like concat('%',?,'%')` 模糊匹配（PortalInterviewServiceImpl.java:1179、PortalInterviewExperienceMapper.xml:42-43）","P2","已修","v13.76/v13.80","公司筛选条件未生效"
"门户-学习工具","CompanyPage.vue","公司题目数展示","页面展示 `company.questionCount`「N 道题」，该值取自 portal_interview_company.question_count 冗余列；全仓库无任何 setQuestionCount/统计 SQL，后台「公司标签」页只读展示该列、表单无该字段","P2","已修","v13.76/v13.80","公司维度筛选落地（selectQuestionIdsByCompanyId）"
"门户-学习工具","CompanyPage.vue","分页与 Tab 切换（竞态）","page/total/tabLoading 为全局共享，切 Tab 与翻页都没有请求序号或 AbortController；`tabLoading` 由并发请求共写，先返回的请求 finally 会把 loading 提前置 false","P2","已修","v14.57","公司页：Tab/分页加请求序号守卫，loading 仅由最新请求收口（原先先返回的请求覆盖列表并提前结束 loading）"
"门户-学习工具","CompanyPage.vue","下架公司校验","后端 selectCompanyById 直接 `companyMapper.selectById(id)`，不过滤 status（PortalInterviewServiceImpl.java:1680-1683），而前端错误文案写着「公司不存在或已下架」","P3","未修","-",""
"门户-学习工具","CompanyPage.vue","面包屑与页面标题","面包屑只有「面试指南 / 公司」，不含公司名；公司名用 h2 渲染（:176），页面无 h1；正常态没有返回面试指南的入口（仅错误态有）","P3","未修","-",""
"门户-学习工具","CompanyPage.vue","硬编码与动态化","写死 pageSize=10、Tab 列表（questions/experiences 及中文标签）、`'未分类'`、`'次提交'`、`'通过率 xx%'`、封面/标题截断样式等文案与阈值","P3","未修","-",""
"门户-成长体系","GrowthTimelinePage.vue","时间线列表加载失败","load() 的 catch 为空（:79-80），失败时既不提示也不置 noMore，`timeline` 仍为空数组，模板落到 `v-else-if=""timeline.length === 0""` 显示「还没有成长记录…去阅读题目、刷题或读书吧」","P2","已修","v14.25","成长时间线：列表失败态（含 code!==200）+ 失败时暂停触底加载（原失败会反复重发）+ 概览卡失败提示与重试"
"门户-成长体系","GrowthTimelinePage.vue","滚动加载更多","请求失败时 `noMore` 保持 false、`page` 不递增，handleScroll 的守卫条件只判断 loading/loadingMore/noMore，因此滚动到底会持续重发同一个失败请求","P2","已修","v14.25","成长时间线：列表失败态（含 code!==200）+ 失败时暂停触底加载（原失败会反复重发）+ 概览卡失败提示与重试"
"门户-成长体系","GrowthTimelinePage.vue","成长概览卡片","onMounted 里 `try { ... } catch {}` 空捕获（:112-115），getMyGrowth 失败时静默无提示，`growthInfo` 保持 null，整块概览卡片 v-if 直接消失","P2","已订正","v14.25","已于 v14.25 修复：getMyGrowth 失败改为 growthFailed + 概览区失败提示与重试（不再静默消失）"
"门户-成长体系","GrowthTimelinePage.vue","等级进度条","进度写死为「成长值对 100 取模」再截断到 100（`Math.min(100, growthValue % 100)`），而后端等级阈值是 0/100/300/700/1500/3000/6000/10000/20000，并非每级 100；VO 已返回 nextLevelGrowth 却未使用","P2","已修","v13.90","成长进度用后端 levelBaseGrowth/levelProgress"
"门户-成长体系","GrowthTimelinePage.vue","模块筛选 Tab 切换","switchModule 直接 await load(true)，没有请求序号/取消机制，上一个模块的响应后到时会覆盖当前模块列表（`timeline.value = reset ? list : ...`）","P2","已修","v14.57","成长时间线：模块切换加请求序号，过期响应丢弃（原先旧模块响应覆盖当前列表）"
"门户-成长体系","GrowthTimelinePage.vue","死代码与类型卫生","`const total = ref(0)` 只在 :72 被赋值，全文件与模板均未读取（滚动加载改用 list.length 判断 noMore）；`iconMap: Record<string, any>` 使用 any","P3","未修","-",""
"门户-成长体系","GrowthTimelinePage.vue","页面要素与 SEO","页面无 h1/页标题（仅面包屑），登录态页面未设置 robots（router 中 growth-timeline 也没有 robots），而 seo.ts 注释声称「登录态页面默认 noindex」实际只在显式传参时输出；加载态是纯文字「加载中...」无 spinner","P3","未修","-",""
"门户-成长体系","GrowthTimelinePage.vue","硬编码头衔与等级阈值（可动态化）","兜底头衔写死 `'初出茅庐'`，与后端 LEVEL_TITLES[0] 重复；等级阈值/头衔数组整体硬编码在 PortalGrowthServiceImpl.java:92-96，后台「成长配置」只是把成长规则/成就/徽章/日志/用户成长几个页面做 Tab 聚合，没有等级阈值配置入口","P3","未修","-",""
"门户-成长体系","GrowthTimelinePage.vue","过期注释（改动史）",":132-136 注释以「v1.1.3 修复：用户反馈…」开头记录历史修复过程（原文说明旧结构 main+max-w-7xl 渲染失效、改为每块独立 max-w-7xl），其中「为什么这样写」的部分需要保留，版本号与用户反馈经过属于改动史","P3","未修","-",""
"门户-成长体系","GrowthRankingPage.vue","榜单加载失败无错误态","`loadRanking()` 的 catch 只 `console.error`，`isLoading` 归 false 后进入 `ranking.length === 0` 分支，接口失败与""真的无人上榜""共用同一段空态文案（「暂无排行数据 / 成为第一个上榜的创作者吧」），页面没有任何重试入口","P2","已修","v14.23","排行榜加载失败态 + 重试（原失败与""无人上榜""共用同一空态且无重试入口）"
"门户-成长体系","GrowthRankingPage.vue","我的成长信息静默失败","`loadMyGrowth()` 仅 `console.warn`，`myGrowth` 保持 null，`v-if=""myGrowth""` 的「我的排名」卡片整块消失，无占位、无提示","P3","未修","-",""
"门户-成长体系","GrowthRankingPage.vue","「本季」口径与真实数据不符","页面通篇写「本季」（榜单说明、我的本季排名、本季成长、列表单位「本季成长」），但 `season_value` 与 `growth_value` 在 Mapper 中始终同步加减，全仓库未见任何赛季重置逻辑（Mapper 注释亦写明""保持赛季值与成长值一致""），实际就是累计榜","P2","已修","v14.57","成长排行：文案由""本季""改为累计口径（后端 season_value 与 growth_value 始终同步、无赛季重置逻辑；含榜单说明/我的排名/累计成长/SEO 描述）"
"门户-成长体系","GrowthRankingPage.vue","未上榜用户排名文案","`第 {{ myGrowth.seasonRank |  | '—' }} 名`：`seasonRank` 为 null/0（新用户或被反超到无 ranking 记录）时渲染成「第 — 名」半成品文案","P3","未修","-",""
"门户-成长体系","GrowthRankingPage.vue","等级阈值与头衔写死（不可运营）","本页展示的 `Lv.{{ item.level }}` 与 `title` 全部由后端 Java 常量数组 `LEVEL_THRESHOLDS` / `LEVEL_TITLES` 决定；后台「内容管理→成长配置」只有成长规则/成就管理/徽章管理/成长日志/用户成长 5 个 tab，没有等级阈值与称号的维护入口，sys_config 也无对应键","P3","未修","-",""
"门户-成长体系","GrowthRankingPage.vue","榜单条数硬编码 50","`const limit = ref(50)` 与后端 `@RequestParam(value = ""limit"", defaultValue = ""50"")` 恰好对齐，但条数没有任何配置来源（sys_config 现有键中无 growth/ranking 相关项），且它是 ref 却从未被修改，副标题「排名前 {{ limit }}」也被一起写死","P3","未修","-",""
"门户-成长体系","GrowthRankingPage.vue","缺全站页脚","页面模板结束于主内容 `</div>`（267 行），没有 `<SiteFooter />`；同批的 ContestListPage.vue:263、MyBookshelfPage.vue:265 以及同属成长模块的 GrowthTimelinePage.vue:269 都渲染了页脚","P3","未修","-",""
"门户-成长体系","GrowthRankingPage.vue","后台成长菜单重复（E 维度）","后台存在两套指向同一批组件的成长菜单：「内容管理→成长配置」(menuId 15, component cms/growth-config/index, perms cms:growth-config:list) 与「系统设置→成长管理→成长规则/徽章管理/成就管理/用户成长/成长记录」(menuId 95-100, perms 全为 cms:growth:list)，而 growth-config/index.vue 正是把这 5 个视图包成 tab","P3","未修","-",""
"门户-阅读空间","MyBookshelfPage.vue","空态 CTA 从未渲染（组件 API 误用）","模板给 `<Empty action-text=""去发现"" @action=""router.push('/reading')"" />`，但 Empty.vue 只声明 title/description/size 三个 props，动作区仅有 `<slot name=""action"" />`，既没有 actionText 属性也没有 action 事件；`action-text` 只会作为未识别的 fallthrough 属性落到根 div 上，`@action` 永远不触发","P2","已修","v14.42","书架空态 CTA：Empty 只声明 title/description/size 且动作区是 action 插槽，原 action-text/@action 永不渲染不触发；改为 <template #action> 按钮"
"门户-阅读空间","MyBookshelfPage.vue","书架列表 N+1 请求","`/portal/reading/bookshelf` 只返回书架行（bookId 等字段，无书名/封面/作者），页面用 `Promise.all(items.map(...))` 对当前页每条记录各发一次 `GET /portal/reading/books/{id}`","P2","已修","v14.42","书架列表 N+1：后端书架列表接口改为一次 listByIds 批量下发 bookTitle/bookCover/bookAuthor，前端不再逐条调用书籍详情（同时消除虚增阅读量）"
"门户-阅读空间","MyBookshelfPage.vue","打开书架虚增书籍阅读量","页面为渲染书架逐条调用 `getBookDetail`，而后端 `/portal/reading/books/{id}` 一进来就 `portalBookService.incrementReadingCount(id)`，该方法 select→+1→update 直接落库","P2","已修","v14.42","书架列表 N+1：后端书架列表接口改为一次 listByIds 批量下发 bookTitle/bookCover/bookAuthor，前端不再逐条调用书籍详情（同时消除虚增阅读量）"
"门户-阅读空间","MyBookshelfPage.vue","失败态与空态混淆","`loadBookshelf()` 的 catch 里把 `bookshelfList` 与 `total` 一起清零，模板随后按 `bookshelfList.length === 0` 渲染 Empty「书架空空如也 / 去读书空间发现好书吧」","P2","已修","v14.42","书架失败态：新增 loadError 与失败区块（排在空态之前 + 重试），原先 catch 清空列表后被渲染成""书架空空如也"""
"门户-阅读空间","MyBookshelfPage.vue","私有页未输出 noindex","路由 meta 已声明 `robots: 'noindex,nofollow'`，但全局守卫只消费 `requiresAuth`/`title`（未读取 meta.robots），页面 useHead 的 generateSeo 也没传 robots，因此该 meta 实际从未输出；站内其它私有页（MyTopicsPage、MyResumesPage 等十余个）都在 generateSeo 里显式传了 robots","P2","已修","v14.42","书架私有页：generateSeo 显式传 robots=noindex,nofollow（路由 meta.robots 全站无消费方，只有 generateSeo 参数才会渲染）"
"门户-阅读空间","MyBookshelfPage.vue","移出后未修正越界页码","`handleRemove` 成功后直接 `loadBookshelf()` 重载当前 `pageNum`，不检查删除后 total 是否已小于本页起始序号（如第 2 页仅 1 本，删掉后 total=12、pageNum 仍为 2）","P2","已修","v14.42","书架移出后纠正越界页码（本页仅剩 1 条时回退一页；加载后还有兜底校正）"
"门户-阅读空间","MyBookshelfPage.vue","危险操作确认框未复用统一弹窗","移出书架用原生 `window.confirm(...)`；项目已有全局单例 `useConfirmModal()`+ConfirmModal（App.vue 顶层渲染），并被 ColumnDetailPage/MyResumesPage/WalletPage 等十余个页面使用","P3","已修","v14.42","书架移出改用全局 useConfirmModal（原原生 window.confirm）"
"门户-阅读空间","MyBookshelfPage.vue","'sort' 排序分支不可达","`orderBy` 类型 union 含 `'sort'`、`changeOrder` 形参也接受 `'sort'`、后端 PortalBookshelfMapper 明确支持 `orderBy='sort'`（按 sort 自定义排序），但模板只渲染「按收藏时间/按最近阅读」两个按钮，没有任何入口能产生 `'sort'`","P3","未修","-",""
"门户-阅读空间","MyBookshelfPage.vue","注释与实际实现不符","第 55 行注释「批量加载书籍详情（简化方案：逐个加载，缓存避免重复）」声称有缓存去重，但 `getBookDetail` 走 `httpGet`（无缓存），client.ts 的 10s TTL 缓存只作用于 `httpGetList`，页面自身也没有任何 Map 去重","P3","未修","-",""
"门户-阅读空间","MyBookshelfPage.vue","刷新/排序/翻页并发无保护","`loadBookshelf()` 既无自增请求序号也无 AbortController；「刷新」按钮在 `loading` 期间仍可点击，排序按钮与分页同理，后到响应直接覆盖先到响应","P3","未修","-",""
"门户-阅读空间","MyBookshelfPage.vue","后台缺书架管理菜单入口（E 维度）","后端已有 PortalBookshelfAdminController（`/portal/admin/bookshelves`，权限 portal:bookshelf:list/query/remove），admin 视图 `portal/bookshelf/index.vue` 也已写好，但 admin.menus.json 中「阅读管理」(menuId 40) 下只有 书籍管理/章节管理/书单管理/推荐位管理/金句与用户内容，没有任何书架菜单，该视图与后台接口在 UI 上不可达","P3","未修","-",""
"门户-内容社区","ContestListPage.vue","未知状态角标显示「全部」","`statusMeta()` 找不到匹配时 `return opt |  | statusOptions[0]`，而 `statusOptions[0]` 是 `{ value: '', label: '全部' }`；由于 list 接口只排除 draft，一旦活动 status 为 draft 或将来新增枚举，卡片角标就会显示「全部」","P2","已修","v14.02","征文状态改字典驱动；未命中状态不再误标""全部"""
"门户-内容社区","ContestListPage.vue","状态枚举写死 + 字典无数据（阻断链路，待运行库确认）","页面写死 collecting/voting/ended 三个枚举与 4 个十六进制色值，同一份枚举在 ContestDetailPage.vue:146-149 又硬编码一遍；后台 cms/contest/index.vue 用 `useDict(""cms_contest_status"")` 渲染状态下拉与 dict-tag，但全仓库 grep「cms_contest_status」只有 moyun-db-dml-init.sql:679 的字典类型定义，577-659 的 sys_dict_data 插入里没有任何该类型的字典项","P1","已修","v14.02","征文状态改字典驱动；未命中状态不再误标""全部"""
"门户-内容社区","ContestListPage.vue","响应解析死分支","`if (res.code === 200 && res.data) {...} else { error.value = res.message \ | \ | '加载活动失败' }` 的 else 不可达：`getContestList` 走 `httpGetList`，client.ts 在 `!response.ok \ | \ | data.code !== 200` 时已经 reject（由 catch 接管），成功分支恒返回 `{ code: 200, data: { list, total, ... } }` | 死代码让后来者以为该接口存在""200 但无 data""的返回形态，可能照抄到其它页面；真实失败路径实际只由 catch 覆盖，维护者排查错误态时会被误导 | 删除 else 分支，只保留 `contests.value = res.data.list \ | \ | []; total.value = res.data.total \","P3","未修","-",""
"门户-内容社区","ContestListPage.vue","吸顶栏空容器死标记","吸顶栏右侧 `<div class=""flex items-center gap-2""></div>`（106-107 行）内部没有任何节点，是纯粹的空 div","P3","未修","-",""
"门户-内容社区","ContestListPage.vue","筛选与翻页竞态","`changeStatus` 与 `watch(page)` 都直接调 `loadContests()`，函数内无自增序号也无 AbortController；`loading` 只控制展示，筛选按钮在请求期间仍可点击；httpGetList 的并发去重仅对完全相同的 URL 生效，不同状态是不同 key","P3","已修","v14.15","文章列表加请求序号守卫：过期响应/异常不覆盖当前状态，只有最后一次请求能关 loading"
"门户-内容社区","ContestListPage.vue","时间区间残缺与语义不清","卡片用 `v-if=""c.startTime \ | \ | c.endTime""` 做整体判断后无条件拼 `start ~ end`，只填一端时会渲染成「2024-01-01 ~ 」或「 ~ 2024-02-01」；且字段语义是 start_time=活动开始、end_time=投稿截止，卡片上没有任何标签说明区间含义","P3","未修","-",""
"门户-内容社区","ContestListPage.vue","奖品说明未展示","卡片只在 `c.prize` 存在时显示固定文案「有奖品」，而 prize 是 varchar(500) 的奖品说明文本（如具体奖金/实物）","P3","未修","-",""
"门户-内容社区","ContestListPage.vue","筛选状态不入 URL + 无「我的投稿」入口","①`statusFilter` 只存内存，刷新或分享链接后筛选丢失；②页面及全站没有任何跳转""我的投稿""的入口（grep「创作挑战」「/contests」仅命中两个参赛页面），而 api/contest.ts 的 `getMySubmissions` 全仓库 0 调用者，后端已实现 `GET /portal/contest/my/submissions`","P3","未修","-",""
"门户-内容社区","ContestListPage.vue","公开页未注入面包屑结构化数据","Breadcrumb.vue 通过 `defineExpose({ breadcrumbJsonLd })` 专门暴露了 BreadcrumbList JSON-LD 供父组件注入，但本页 `generateSeo` 未传 `jsonLd`（全仓库页面均未使用该能力）","P3","未修","-",""
"门户-话题讨论","TopicCreatePage.vue","提交话题-描述长度","描述用 MarkdownEditor 且未传任何长度上限（组件 Props 只有 modelValue/placeholder，无 maxlength），而后端列 portal_topic.description 是 varchar(500)，PortalTopicController#save 也无 @Validated/@Size","P1","已修","v13.80","话题：描述长度、封面、改后重新送审、敏感词"
"门户-话题讨论","TopicCreatePage.vue","提交话题-返回结果","createTopic 走 httpPost，而 client.ts 的 request() 在 code!==200 时直接 throw，因此 `if (res.code === 200 && res.data) ... else toast.error(...)` 的 else 分支永远不可达（handleUploadCover:48-53 同理）","P3","未修","-",""
"门户-话题讨论","TopicCreatePage.vue","封面图上传-放弃提交","封面是先上传拿到 fileUrl 再随话题提交，且只在用户手动点 × 时调用 deletePortalFile；用户上传后直接离开页面/关标签页（不点取消、不点 ×）时没有任何清理","P2","已修","v14.51","发起话题：封面是""先上传再随话题提交""两步流程，新增 pendingUploadedCover 并在 onBeforeRouteLeave/onUnmounted 回收未提交封面（原仅手动点 × 才删，直接离开留孤儿文件）；提交成功则不再回收"
"门户-话题讨论","TopicCreatePage.vue","封面图上传-业务类型","businessType 写死字符串 'topic_cover'，全仓库后端无该常量/枚举，数据字典也没有文件业务类型字典（grep topic_cover 与 file_business 均无命中）","P2","已订正","v14.24","后端 SysFileController.upload 的 businessType 是自由文本分组标签（无枚举校验），不是""假字段""，属命名未登记的低价值项"
"门户-话题讨论","TopicCreatePage.vue","审核流程说明","说明第 2 条「系统将进行敏感词轻量扫描，命中内容会转人工重点审核」与后端实际行为相反：Controller 在写库前用同一敏感词表直接 return error 拒绝创建；Service 里""命中仍保持 pending、不阻断创建""的扫描分支因同一词表已被前置拦截而永不命中","P2","已修","v14.51","发起话题：审核说明第 2 条改为与后端一致（Controller 在写库前用敏感词表直接拒绝创建，而非""转人工重点审核""）"
"门户-话题讨论","TopicCreatePage.vue","标题校验阈值","标题最短 2 字、最长 100 字三个阈值分散硬编码（handleSubmit 的 2、模板 maxlength 的 100、计数器文案的 100），而后端无任何长度校验、DB 列为 varchar(128)","P3","未修","-",""
"门户-话题讨论","TopicCreatePage.vue","封面图上传-前端预校验","上传框只写 accept=""image/*""，无大小/格式提示也不做前端预校验；后端只允许 jpg/jpeg/png/gif/webp/bmp 且整体上限 50MB","P3","未修","-",""
"门户-话题讨论","TopicCreatePage.vue","疑似过期注释","api/topic.ts 注释「发起话题（需登录 + 创作者认证）」、PortalTopic.java 字段注释与 DDL 列注释「必须是认证创作者（isCertifiedCreator）」都已过期：Service 明确写「话题属低门槛互动，登录用户即可发起」","P3","未修","-",""
"门户-话题讨论","TopicCreatePage.vue","审核驳回引导入口","文案告诉用户「审核驳回会附驳回原因，可在『我的话题』查看并修改后重新提交」，但全站（Navbar/UserPage/TopicListPage 等）没有任何链接指向 /topic/my/topics 或 /topic/my/posts，只有 router 定义","P2","已修","v14.51","发起话题：驳回引导增加「前往我的话题」直达入口（原全站无任何链接指向该页；同时 TopicListPage 已加入口）"
"门户-话题讨论","TopicCreatePage.vue","面包屑与页标题","面包屑末项写「发布话题」，而路由 meta 与 SEO 标题都是「发起话题」，页面本身也没有 h1 页标题（仅面包屑 + 两块说明）","P3","未修","-",""
"门户-话题讨论","TopicCreatePage.vue","接口核对（结论 ok）","逐项比对通过：createTopic→POST /portal/topic/save（body title/description/cover 与 PortalTopic 字段一致，返回实体含 id，页面用 res.data.id 正确）；uploadPortalFile→POST /portal/file/upload（multipart file+businessType，SysFile.fileUrl 与 FileInfo.fileUrl 一致）；deletePortalFile→DELETE /portal/file?fileUrl=（与 @RequestParam(""fileUrl"") 一致）；路由 /topic/create requiresAuth 与后端 userId 校验、Spring Security anyRequest().authenticated() 一致，无分页/数组参数","P3","已订正","v14.24","后端 SysFileController.upload 的 businessType 是自由文本分组标签（无枚举校验），不是""假字段""，属命名未登记的低价值项"
"门户-话题讨论","MyTopicPostsPage.vue","观点卡片-作者昵称与头像","模板读 post.user?.nickname / post.user?.avatar，但后端 TopicPostVO 是扁平字段 username/nickname/avatar（无 user 对象），Service 也只 setNickname/setAvatar 扁平赋值；前端类型 types/api.ts:2234 却声明了 user 嵌套对象","P2","已订正","v14.54","复核：模板实际读取的就是扁平字段（getSafeAvatar(post.avatar, ...) 与 post.nickname，见 MyTopicPostsPage.vue:156/163），与后端 TopicPostVO 的 username/nickname/avatar 一致；原报告所述""读 post.user?.nickname""基于旧版本代码"
"门户-话题讨论","MyTopicPostsPage.vue","观点卡片-话题归属","卡片只显示楼层「#N 楼」与「查看话题 →」按钮，不显示观点所属话题的标题，后端 TopicPostVO 也只有 topicId（列表按时间倒序混合了所有话题的观点）","P2","已修","v14.63","我的观点：后端 TopicPostVO 新增 topicTitle 并在 convertToPostVOPage 中**批量回填**（我的观点列表混合多话题，原先只显示""#N 楼""看不出归属）；前端卡片展示「所属话题：<标题>」并可点击跳转"
"门户-话题讨论","MyTopicPostsPage.vue","我的观点入口","全站 grep 无任何链接指向 /topic/my/posts（只有 router 定义与该页 canonicalPath），UserPage、Navbar、TopicListPage 均无入口","P2","已修","v14.41","我的观点页可达性：话题列表页已加入口（同上）"
"门户-话题讨论","MyTopicPostsPage.vue","页标题缺失","页面只有吸顶面包屑，正文没有任何 h1/页标题（对比 MyArticlesPage.vue:16 的 page-title、MyReportsPage.vue:146 的 h1）","P3","未修","-",""
"门户-话题讨论","MyTopicPostsPage.vue","吸顶栏右侧空容器","吸顶栏右侧保留 `<div class=""flex items-center gap-2""></div>` 空容器，是兄弟页 MyTopicsPage 同位置「发起话题」按钮的残留","P3","未修","-",""
"门户-话题讨论","MyTopicPostsPage.vue","分页交互","翻页按钮在 loading 期间不禁用、也无请求序号/AbortController，快速连点会并发请求且按返回顺序覆盖 posts/total（旧响应可能覆盖新页）；page 也不写入 URL query，刷新或后退会丢失页码","P3","未修","-",""
"门户-话题讨论","MyTopicPostsPage.vue","分页尺寸写死","pageSize 直接写死 10（兄弟页 MyTopicsPage 为 12、MyResumesPage 为 12），全站无统一分页配置或组合式函数","P3","未修","-",""
"门户-话题讨论","MyTopicPostsPage.vue","接口核对（结论 ok）","逐项比对通过：getMyTopicPosts→GET /portal/topic/my/posts?pageNum&pageSize 与后端两个 @RequestParam(defaultValue=1/10) 完全一致；MyBatis-Plus Page 的 records/total 被 client.ts:273-274 归一化为 list/total，页面读 res.data.list/total 正确；后端按 createdTime 倒序、过滤 delFlag='0' 且 topicId/floor/createdTime/likeCount/commentCount/images 字段齐全；安全链 /portal/topic/my/** 为 authenticated()，与路由 requiresAuth 一致","P3","已修","v14.41","我的观点页可达性：话题列表页已加入口（同上）"
"门户-学习工具","MyBookmarksPage.vue","点击卡片跳转题目","gotoQuestion 用 `item.id`（收藏记录主键）拼 /interview/question/{id}，而题目 id 在 item.questionId，收藏 id 与题目 id 无任何对应关系（后端 VO 就是 id=收藏id、questionId=题目id）","P1","已修","v13.74","收藏跳转改用 questionId；题目扁平字段渲染修正"
"门户-学习工具","MyBookmarksPage.vue","收藏列表-题目信息渲染","模板按扁平字段渲染 item.title / item.difficulty / item.categoryName / item.tags / item.likeCount / item.acceptanceRate / item.description，但后端返回的 InterviewBookmarkVO 只含 id/questionId/userId/note/createTime 与嵌套的 question 对象（题目字段全在 question 里）","P1","已修","v13.74","收藏列表：页面把嵌套 question 展开为""题目字段 + bookmarkTime""后再渲染，跳转用题目 id"
"门户-学习工具","MyBookmarksPage.vue","收藏列表-返回类型声明","api/interview.ts:199 把 getMyBookmarkList 声明为 httpGetList<InterviewQuestionVO>，与后端 `AjaxResult.success(Page<InterviewBookmarkVO>)` 不符；types/api.ts:1713 已定义正确的 InterviewBookmarkVO，但全站无任何文件 import 它（只为该页存在却是死类型）","P2","已修","v13.74","收藏列表：页面把嵌套 question 展开为""题目字段 + bookmarkTime""后再渲染，跳转用题目 id"
"门户-学习工具","MyBookmarksPage.vue","收藏列表-后端分页实现","selectBookmarkPage 先把该用户全部收藏一次查出（SQL 无 limit），再在内存里 skip/limit，且每条记录都单独 questionMapper.selectById（N+1），total 取 list.size()","P2","已修","v14.41","收藏列表去掉 N+1：题目改为 selectBatchIds 一次批量取回后按 id 关联（原逐条 selectById，收藏 200 条即 201 次 SQL）；我的答题记录同样处理。注：内存分页（先全量再 skip/limit）仍需后端分页 SQL，已记入对账"
"门户-学习工具","MyBookmarksPage.vue","取消收藏","列表卡片只有跳转，没有任何「取消收藏」操作，取消必须进题目详情页操作；后端与前端能力都已具备（api/interview.ts:176 toggleQuestionBookmark，后端 POST /portal/interview/question/{id}/bookmark）","P2","已修","v13.74","收藏列表：页面把嵌套 question 展开为""题目字段 + bookmarkTime""后再渲染，跳转用题目 id"
"门户-学习工具","MyBookmarksPage.vue","难度标签取值","difficultyMap 在页面内硬编码 easy/medium/hard → 中文与 Tailwind 颜色 class，而后台已有字典 portal_question_difficulty（简单/中等/困难），QuestionListPage.vue:57,112 与 QuestionDetailPage.vue:44,61 已用 useDictData 驱动；同款硬编码在 MyAttemptsPage/ChoicePracticePage/CodingPracticePage 等 6 处重复","P2","已修","v13.74","收藏列表：页面把嵌套 question 展开为""题目字段 + bookmarkTime""后再渲染，跳转用题目 id"
"门户-学习工具","MyBookmarksPage.vue","页面入口与重复实现","全站无任何链接指向 /interview/my/bookmarks（只有 router 定义与该页 canonicalPath），UserPage 的「收藏-题目」子 Tab 用同一接口内嵌实现了另一个收藏列表（UserPage.vue:441-455, 1824-1855），两处口径还不一致：本页直接渲染 acceptanceRate（后端按 success*100/total 存 0-100），UserPage.vue:1838 又乘 100 会显示成 4500%","P2","未修","-",""
"门户-学习工具","MyBookmarksPage.vue","页标题缺失","页面只有面包屑，正文无 h1/页标题；「共 N 条」只在有分页时（totalPages>1）才显示，单页时总数信息完全不可见","P3","未修","-",""
"门户-学习工具","MyBookmarksPage.vue","过期/猜测性注释与弱类型","bookmarkTime(item: any) 上的注释「后端可能在题目上附带 bookmarkTime，否则回退到 createTime」是猜测式注释：VO 无 bookmarkTime 字段，回退分支恒生效；同时 item:any 绕过了类型检查（该类型谎报问题另有单独行）","P3","已修","v13.74","收藏列表：页面把嵌套 question 展开为""题目字段 + bookmarkTime""后再渲染，跳转用题目 id"
"门户-学习工具","MyBookmarksPage.vue","分页可访问性","上一页/下一页按钮的 aria-label 写成固定模板 `第 ${page - 1} 页` / `第 ${page + 1} 页`，在第 1 页时上一页按钮（disabled）读作「第 0 页」，末页时下一页读作超出总页数","P3","未修","-",""
"门户-学习工具","MyBookmarksPage.vue","分页交互与尺寸","与 MyTopicPostsPage 同款问题：翻页期间无请求序号/禁用，快速连点存在旧响应覆盖新响应；page 未同步 URL query，刷新丢失页码；pageSize 写死 10（MyResumesPage 为 12）","P3","未修","-",""
"门户-学习工具","MyBookmarksPage.vue","接口核对（结论 ok）","逐项比对通过：getMyBookmarkList→GET /portal/interview/bookmark/my?pageNum&pageSize，后端以 InterviewQuestionQuery(extends PageDomain, pageNum/pageSize) 绑定，参数名与分页信封（records/total→list/total）均一致；无路径变量与数组参数；路由 requiresAuth 与后端 userId 空值返回 code 401（client.ts 业务 401 分支）一致；难度/收藏时间之外未发现多余请求","P3","已修","v13.74","收藏列表：页面把嵌套 question 展开为""题目字段 + bookmarkTime""后再渲染，跳转用题目 id"
"门户-学习工具","LeaderboardPage.vue","我的排名卡片 / 新用户引导","后端只要登录就回填 myValue/mySubmitCount（无提交记录时 mySubmitCount=0、myValue=0、myRank=null，LearnStatsServiceImpl:161-179），前端判空写成 `myRank==null && myValue==null`，于是 myInfo 恒为真，模板 `v-else` 的""去刷第一道题""引导卡永不出现，卡片显示""#— / 0 题""","P2","已修","v14.50","排行榜：新用户引导判定修正（后端只要登录就回填 0 ⇒ 原判空 myValue==null 恒不成立，引导卡永不出现且显示""#— / 0 题""）"
"门户-学习工具","LeaderboardPage.vue","Tab 切换（通过题目数/刷题积分）","`watch(activeType, loadLeaderboard)` 无请求序号/取消机制，快速切 tab 时先发后到；响应里的 `type`（LeaderboardVO.type）前端从不校验，错序时""刷题积分""页会一直显示通过题目数榜单","P2","已修","v14.50","排行榜：Tab 切换加请求序号守卫 + 校验响应 type（原先发后到会让""刷题积分""页显示通过题目数榜单）"
"门户-学习工具","LeaderboardPage.vue","前三名卡片头像环","`:class=""`ring-${rankStyle(item.rank)?.ring}`""`（rankStyle 已返回 `ring-yellow-400`）再拼一次前缀，实际类名是 `ring-ring-yellow-400`，Tailwind 扫不到该字面量，金银铜环色全部失效；rankStyle 返回 null 时还会拼出 `ring-undefined`","P2","已修","v14.50","排行榜前三名：头像环类名去掉重复前缀（原拼成 ring-ring-yellow-400，Tailwind 扫不到 ⇒ 金银铜环色全失效，rankStyle 为 null 时还会拼出 ring-undefined）"
"门户-学习工具","LeaderboardPage.vue","加载失败分支","`if (res.code === 200) … else error = res.message` 的 else 永不执行：client.ts 的 request() 在 `data.code !== 200` 时直接 throw，getLeaderboard 走 httpGet","P3","未修","-",""
"门户-学习工具","LeaderboardPage.vue","TopN 与后台配置入口（D/E）","前端写死 `getLeaderboard(activeType.value, 100)`，后端另有一份 `LEADERBOARD_MAX_LIMIT = 100` 并 clamp；后台菜单【学习管理】(menuId 33) 下只有题库/分类/公司标签/错题本/学习计划/学习辅助，无任何排行榜配置项，TopN 不可调","P3","未修","-",""
"门户-学习工具","LeaderboardPage.vue","榜单类型枚举与文案","tab 的 label/unit/type（'通过题目数'/'题'、'刷题积分'/'分'）与 'question'/'score' 前后端各写一份（前端 24-27、后端 129-130），表头列名也用三元表达式硬编码，字典里无对应项","P3","未修","-",""
"门户-学习工具","LeaderboardPage.vue","榜单状态可分享/可回退","当前 tab 只存在组件内存，未同步 URL（无 ?type=score）；刷新页面或从 /author/:id 返回都回到""通过题目数""","P3","未修","-",""
"门户-学习工具","LeaderboardPage.vue","import 核查","portal.pages.json 把 `Leaderboard`、`LeaderboardType` 列为 unusedNamedImports，但二者是 `import type` 且在页面作类型注解使用，属扫描器对 type-only import 的误报","P3","未修","-",""
"门户-学习工具","LeaderboardPage.vue","页脚备案信息","页面渲染的 SiteFooter 版权条备案号是占位符「京ICP备xxxxxxxx号-2」，未接任何配置","P3","未修","-",""
"门户-学习工具","LeaderboardPage.vue","接口与参数核对（A）","核对结论：无问题。GET /portal/learn/leaderboard 的 type/limit 均为 @RequestParam(required=false)（前端必传合法），返回 AjaxResult(LeaderboardVO{type,list,myRank,myValue,mySubmitCount,myPassedCount,myScore}) 与前端类型逐字段一致；路由 isPublic 与后端 @Anonymous 口径一致，未登录不下发 my* 字段也与前端判空逻辑匹配","P3","未修","-",""
"门户-支付与钱包","PayCashierPage.vue","金额与二维码来源","应付金额、支付单号、码址、关单分钟数全部取自 URL query（217-231），而 /portal/pay/status 已返回 amount/codeUrl/expireTime（PortalPayController:63-70），页面只消费了 status 与 mockEnabled","P2","已修","v13.71","生产支付/代付 mock 通道 fail-closed"
"门户-支付与钱包","PayCashierPage.vue","轮询错误处理","`catch {}`（191-193）吞掉全部异常：后端 403「订单不存在或无权操作」、401 登录过期、网络中断都静默重试到 100 次","P2","已修","v14.24","收银台轮询：区分致命错误（401/403/订单不存在）立即停止并提示；连续 3 次失败也停止，不再静默空转到 100 次"
"门户-支付与钱包","PayCashierPage.vue","轮询超时与订单有效期","轮询上限 100×3s=5 分钟（143-144），而订单有效期由 moyun.pay.order-expire-minutes 决定（默认 30 分钟，dev 30 / prod 可用 PAY_ORDER_EXPIRE_MINUTES 覆盖）；超时文案""请刷新页面或手动查询支付结果""（96-98）却没有手动查询入口","P2","已修","v14.59","收银台手动查询支付结果：新增「手动查询支付结果」按钮（复用后端 GET /portal/pay/status/{payNo}，该接口以网关为准并校验订单归属，本就可作主动查询源），超时文案改为说明""订单有效期 N 分钟，仍可查询""；解决轮询上限 5 分钟 < 订单有效期 30 分钟的错配与""提示手动查询却无入口"""
"门户-支付与钱包","PayCashierPage.vue","关单时间显示（expireMinutes）","两个调用方都写死 `expireMinutes: '30'`，收银台再用 `Number(expire) \ | \ | 30` 兜底；而 subscribe/status 响应本就带 expireTime，页面拿到却不用","P2","已修","v14.27","收银台：关单剩余分钟改按后端 expireTime 计算（原只用 URL 写死的 30）"
"门户-支付与钱包","PayCashierPage.vue","商品信息展示","收银台只显示金额与支付单号，不显示买的是什么；/portal/pay/status 也没返回 PayOrder 已有的 subject、bizType（下单时已写入""会员订阅-XX""等）","P2","已修","v14.62","收银台：/portal/pay/status 下发订单 subject/bizType（下单时已写入），待支付区展示商品名，用户能看到""买的是什么""；PayStatusResult 类型同步补字段"
"门户-支付与钱包","PayCashierPage.vue","模拟支付按钮","""模拟支付成功（沙箱演练）""直接调 POST /portal/pay/mock/{payNo} 推进真实后续链路（发卡/记账/通知），无二次确认；且 mockEnabled 由 status 接口动态回填后按钮会突然出现","P3","已修","v13.71","生产支付/代付 mock 通道 fail-closed"
"门户-支付与钱包","PayCashierPage.vue","未使用变量","`import { ref, computed, onMounted, onUnmounted } from 'vue'` 中 computed 全文未使用","P3","已修","v14.00","移除未使用的 computed 导入"
"门户-支付与钱包","PayCashierPage.vue","二维码渲染","`setTimeout(() => renderQr(codeUrl.value), 50)` 用定时器等 canvas 挂载且无清理；renderQr 内 `await QRCode.toCanvas` 无 try/catch，码址异常时产生未捕获 Promise 拒绝且画布保持空白","P3","未修","-",""
"门户-支付与钱包","PayCashierPage.vue","支付状态枚举口径","页面硬编码 'PAID'/'SETTLED'/'CLOSED'；数据字典 portal_pay_status 用的是 pending/paid/refunded/closed/failed 且全库 Java 侧无引用；后台支付订单页又另抄一份 CREATED/PAID/SETTLED/CLOSED 映射，与 PayOrder 常量三处各异","P3","未修","-",""
"门户-支付与钱包","PayCashierPage.vue","接口/后台入口核对（A/E）","核对结论：无问题。GET /portal/pay/status/{payNo} 与 POST /portal/pay/mock/{payNo} 和 pay.ts 完全一致（路径变量名 payNo、数量 1、无 body），越权防护已由 ownOrderOrNull 收口；后台入口齐备（【收入管理】menuId 109：支付订单 cms:payOrder:list、支付配置 cms:payConfig:view），无需新增菜单","P3","已修","v13.71","生产支付/代付 mock 通道 fail-closed"
"门户-VIP会员","MembershipPage.vue","下单前的等级完整性","前端按 `t.durationDays < 0 ? '永久有效' : t.durationDays + ' 天'` 直接展示，vip.ts 声明为 number，但 vip_tier.duration_days 允许空（后台等级列表专门把空值标红为""未设置""）；后端 /portal/vip/subscribe 只校验 status=1 与 price>0，空值要到支付回调 grantCard 才抛""VIP等级未配置有效天数，无法发卡""","P1","已修","v13.81","C-14/前端：durationDays 允许为空 → 显示""暂不可购买（未配置有效期）""且不可下单"
"门户-VIP会员","MembershipPage.vue","下单幂等（clientUuid）","genClientUuid() 每次点击都生成新值，而后端 clientUuid 的设计用途是""同 uuid 复用未支付单""（bizNo=platform:tier:uuid）","P2","已修","v14.28","会员页等级加载失败态 + 重试，loading 初值改 true 消除首屏空态闪烁"
"门户-VIP会员","MembershipPage.vue","会员状态拉取失败","`getVipStatus().catch(() => null)` 静默兜底，vip 初值 `{isVip:false}`，失败后状态卡直接渲染""尚未开通会员 / 部分功能可免费体验""，权益用量区（v-if=""vip.benefits?.length""）整块消失","P2","已修","v14.24","会员页：状态拉取失败不再伪装成""尚未开通会员""（新增 statusError + 明确提示与重试）"
"门户-VIP会员","MembershipPage.vue","加载与失败态","loading 初值 false、onMounted 才置 true，首屏无骨架；加载中等级区空白且底部栏显示""已选：未选择""；getVipTiers 失败只 toast，页面落到""暂无在售等级""，无重试入口（LeaderboardPage 反而有重试按钮）","P2","已修","v14.28","会员页等级加载失败态 + 重试，loading 初值改 true 消除首屏空态闪烁"
"门户-VIP会员","MembershipPage.vue","底部固定订阅栏遮挡","订阅栏 `fixed bottom-0`（py-3 + 两行文案，约 70px），页面容器底部只有 grid 的 mb-8=32px + py-6/8=24/32px，没有为固定栏预留等高内边距","P2","已修","v14.57","会员页：内容末尾预留与底部固定订阅栏等高的间距（原先最后一个等级卡被固定栏压住）"
"门户-VIP会员","MembershipPage.vue","品牌与 SEO","useHead 硬编码 `title: '墨韵会员 - 墨韵门户'`、h1 写""墨韵会员""并绕过 utils/seo 的 generateSeo；全站站点名是 seo.ts 的""旭林知行""，路由守卫写的标题后缀也是""旭林知行""，""墨韵门户""是旧品牌残留","P3","未修","-",""
"门户-VIP会员","MembershipPage.vue","金额与日期格式化","价格三处直接插值 `¥{{ t.price }}` / `¥{{ selectedTier.price }}`，未经 toFixed(2)（收银台用 `Number(amt).toFixed(2)`）；会员到期日自写 `String(t).replace('T',' ').substring(0,10)`，未用 utils/date.ts 的 formatDate","P3","未修","-",""
"门户-VIP会员","MembershipPage.vue","支付渠道文案","按钮写死""立即订阅（微信支付）""，后端固定以 `createOrder(..., ""wechat"", ...)` 下单，而字典 portal_pay_channel 已定义 wechat/alipay/wallet 等取值","P3","未修","-",""
"门户-VIP会员","MembershipPage.vue","类型契约漂移","`VipTierVO.popular` 声明 boolean，后端返回的是 VipTier.popular（Integer 1/0，原样 put）；`durationDays` 声明 number 而后端可空 | TS 类型给出错误的布尔/必填保证，将来改用严格比较（=== true）会静默失灵；durationDays 的可空性与上面的发卡资金风险同源 | 类型改为 `popular: 0 \","P3","已修","v13.81","C-14/前端：durationDays 允许为空 → 显示""暂不可购买（未配置有效期）""且不可下单"
"门户-VIP会员","MembershipPage.vue","接口/后台入口核对（A/E）","核对结论：无问题。GET /portal/vip/tiers（返回 {records:[...]}）、GET /portal/vip/status、POST /portal/vip/subscribe（body {tierCode,clientUuid}）与 api/vip.ts 逐项一致，路径/方法/字段名/分页信封均匹配；未登录由路由 requiresAuth 与后端 401 双重兜住；后台入口齐备（【VIP管理】menuId 102：等级管理 system:vip:tier:list、权益管理、等级权益配置、用户会员卡 system:vip:card:list），无需新增菜单","P3","未修","-",""
"门户-学习工具","StudyCalendarPage.vue（含 StudyCalendarCard.vue）","年份切换 / 热力图渲染","年份选择器只改变请求参数，热力图卡片始终渲染""今天往前 365 天""的固定窗口，且不接收 year。选 2024 年后 summary 统计的是 2024 年数据，图形却是 2025-08~2026-08 的空格子，标题仍写""近 365 天""，与所选年份完全脱节","P1","已修","v13.81","学习日历按所选年份渲染"
"门户-学习工具","StudyCalendarPage.vue","汇总卡片（总提交/通过/活跃天数）","统计区块标注""近 1 年""但完全由所选年份的数据推导；只有传年份时才请求该年，不传则后端取当前年，""近 1 年""（滚动 365 天）与""某自然年""两个口径混用","P2","已修","v14.60","学习日历汇总卡：三张卡的标签明确为「{所选年份} 年总提交/通过次数/活跃天数」，与右侧""刷题热力图（近 365 天）""的滚动口径区分开（原先标注""近 1 年""但数据实为所选自然年）"
"门户-阅读空间","QuoteListPage.vue","列表加载（loading/empty/error 三态）","请求失败被静默吞掉：load() 的 catch 为空注释，且 resp.code!==200 时无任何 else 分支，页面把网络/服务端错误一律渲染成""暂无金句摘录""","P2","已修","v14.23","金句列表失败态（原 catch 空 + code!==200 无分支 ⇒ 一律渲染""暂无金句""）+ 重试"
"门户-阅读空间","QuoteListPage.vue","点赞状态批量检查","对每页每条金句串行发一次 checkQuoteLike（20 条 = 20 次 GET），且内层 catch 为空，单条失败即静默丢弃；首屏加载被这 20 次串行请求拖慢","P2","已修","v14.23","金句列表失败态（原 catch 空 + code!==200 无分支 ⇒ 一律渲染""暂无金句""）+ 重试"
"门户-阅读空间","QuoteListPage.vue","上拉加载更多（分页列表）","排序为 like_count DESC，点赞会实时改变顺序；用""追加 + 无 id 去重""的 offset 分页，翻页期间任一金句点赞数变化就会导致跨页重复/漏项，重复 id 还会触发 v-for key 冲突","P2","已修","v14.57","金句列表：追加时按 id 去重（后端按点赞数排序 + offset 分页，翻页期间点赞变化会导致跨页重复/漏项与 v-for key 冲突）"
"门户-阅读空间","QuoteListPage.vue","排序（热门/最新）","前端只剩热度序：getQuoteList 声明并透传 sort 参数，但页面从不传；后端 getQuotes 收到 sort 也不用（注释自认未实现），Mapper 固定 ORDER BY like_count DESC","P2","已修","v14.60","金句列表：前端不再传不生效的 sort 并注明当前仅热度序（后端 Mapper 固定 ORDER BY like_count DESC；「热门/最新」排序待后端实现，属需求）"
"门户-阅读空间","QuoteListPage.vue","点赞按钮（重复提交与竞态）","乐观更新后请求期间不禁用按钮，未做在途去重：连点两次会发出两次 toggle（一次点赞一次取消），响应乱序时 UI 与后端状态相反；另外 resp.code!==200 或 data 为空时既不回滚也不报错（`if (resp.code === 200 && resp.data)` 的 else 缺失）","P2","已修","v14.23","金句点赞：按 id 在途去重 + 业务失败回滚并提示（原连点发两次 toggle、业务失败既不回滚也不报错）"
"门户-学习工具","StudyCalendarPage.vue","年份切换/刷新的请求竞态","loadCalendar 无请求序号或 AbortController：快速切年份或连点""刷新""会并发多个请求，先发的慢响应后到时会覆盖后发请求的结果，出现""选择 2026 年却显示 2024 年数据""的错配；刷新按钮与错误分支的""重试""按钮在 loading 期间均未禁用","P2","已修","v14.27","刷题日历：加请求序号守卫（过期响应不覆盖）+ 刷新按钮 loading 期间禁用"
"门户-学习工具","StudyCalendarPage.vue","页面标题与无障碍","页面有 Breadcrumb 与视觉标题 h1（刷题日历），路由 meta.title 也有，但热力图外的汇总卡片只有 div 无标题语义；卡片内 SVG 用 aria-label 尚可；整体缺少""数据口径""说明（是否含编程题、是否含未通过提交）","P3","已修","v13.81","学习日历按所选年份渲染"
"门户-学习工具","StudyCalendarCard.vue","组件契约（loading prop）","组件声明了 loading prop 并渲染""正在加载日历数据...""占位，但唯一调用方永远传 :loading=""false""，该分支为死代码","P3","未修","-",""
"门户-学习工具","StudyCalendarPage.vue","代码卫生（未使用变量/函数）","`passRate` 在 summary 中计算并返回但模板从未使用；`watch(selectedYear, loadCalendar)` 无显式 onUnmounted 停表（组件级 watch 随组件卸载自动停止，属可接受，但同文件未使用任何离开清理）；`StudyCalendarCard.vue` 内另有 totals 统计，与页面 summary 重复实现同一聚合逻辑","P3","未修","-",""
"门户-阅读空间","QuoteListPage.vue","代码卫生（未使用变量）","`total` 被声明并赋值但模板从未使用（列表用无限滚动而非分页器，total 无消费方）；`:class=""{ 'fill-current': ... }""` 作用于 lucide 图标的自定义 class 上，逻辑可用但语义易混淆","P3","未修","-",""
"门户-学习工具","StudyCalendarPage.vue / StudyCalendarCard.vue","后台菜单与入口","门户侧入口齐全（路由 /learn/calendar + 首页功能宫格""刷题日历""），但后台无任何""学习统计/刷题日历""菜单与页面：admin.menus.json 只有""学习管理""（menuId 33）下的题库/分类/公司标签/错题本/学习计划/学习辅助，无统计看板；admin views 下也无对应目录，""运营统计""（menuId 119）是 cms/ledger 体系的，不覆盖该口径","P2","已修","v13.81","学习日历按所选年份渲染"
"门户-静态页","AboutUs.vue","我们的团队（团队介绍三宫格）","team 数组写死为「张三/李四/王五」占位假成员，头像是 images.unsplash.com 外链热链（外链域名在境内网络常不可达，且 img 无 loading/width/height）","P2","已修","v14.26","关于我们：移除写死的占位假团队（张三/李四/王五 + unsplash 外链热链头像），真实团队待 CMS 维护"
"门户-静态页","AboutUs.vue","发展历程时间线","4 段时间线整块硬编码在模板里，并写入未接任何数据源的运营结论「2023年1月旭林正式上线」「用户数突破10万」「文章数超过100万篇」","P2","已修","v14.26","关于我们：发展历程去掉未接数据源的编造时间与运营指标（10万用户/100万文章），改为不虚构的能力里程碑"
"门户-静态页","AboutUs.vue","接口与数据来源（A 维度）","全页零 API 调用：理念、价值观、团队、发展历程全部写死在 SFC；portal.pages.json 中不存在 pages/AboutUs.vue 条目 —— 判定 missing（缺内容源），非 mismatch","P2","已修","v14.26","关于我们：移除写死的占位假团队（张三/李四/王五 + unsplash 外链热链头像），真实团队待 CMS 维护"
"门户-静态页","AboutUs.vue","内容可维护性（E 维度：后台菜单与入口）","后台菜单与视图均无「关于我们/站点页面/协议」入口：内容管理(menuId=2, path=cms) 下只有文章/分类/话题/帮助文章等，moyun-admin-vue/src/views 无 cms/site-page 目录","P2","未修","-",""
"门户-静态页","AboutUs.vue","SEO 结构化数据","只输出通用 meta/OG，未输出 Organization / BreadcrumbList JSON-LD；seo.ts 已提供 jsonLd 能力、Breadcrumb 也已 defineExpose(breadcrumbJsonLd)，但本页两者都没用","P3","已修","v14.26","面包屑条去掉 sticky（原 z-30 会被全局导航 z-50 覆盖），两页同步"
"门户-静态页","AboutUs.vue","顶部面包屑条（布局与重复实现）","面包屑条用 sticky top-0 z-30，而全局导航是 sticky top-0 z-50，滚动后本页面包屑会滑到导航下方被遮挡；该整块 markup 与 UserAgreement.vue 逐字重复","P3","已修","v14.26","面包屑条去掉 sticky（原 z-30 会被全局导航 z-50 覆盖），两页同步"
"门户-静态页","UserAgreement.vue","隐私政策引用（协议正文 5.3）","正文写「详情请参阅我们的《隐私政策》」，但站内根本不存在隐私政策页面：页脚「隐私政策」和注册页勾选区的「隐私政策」都跳 /agreement（即用户服务协议）；全仓 grep「隐私政策」仅这 3 处，无 /privacy 路由、无 PrivacyPolicy 页","P1","已修","v13.87","新建隐私政策页并修正三处引用"
"门户-静态页","UserAgreement.vue","协议版本与最后更新时间","「最后更新时间：2024年1月1日」写死在模板里，且协议无版本号、无生效日期字段","P2","已修","v14.26","用户协议：联系方式改用与页脚同源邮箱常量、去掉占位客服热线；版本号与最后更新时间收敛为文件内常量"
"门户-静态页","UserAgreement.vue","联系我们（协议末尾）","联系方式写死「邮箱：support@xulin.com / 客服热线：400-888-8888」，与页脚公开的 contact@xulin.com、tougao@xulin.com、business@xulin.com 三处不一致，400-888-8888 是明显占位号（页脚版权条同样是占位「京ICP备xxxxxxxx号-2」）","P2","已修","v14.26","用户协议：联系方式改用与页脚同源邮箱常量、去掉占位客服热线；版本号与最后更新时间收敛为文件内常量"
"门户-静态页","UserAgreement.vue","协议正文数据来源（A/E 维度）","9 章正文 100% 硬编码在模板（约 100 行静态 markup）；门户帮助模块只有 /portal/help/home、/category/{id}、/search 三个端点，没有文章详情端点，所以后台即使维护了 portal_help_article 也无法按 id 取单篇；后台亦无协议/站点页面菜单","P2","不做","-","属**站点页面/协议 CMS** 需求：需先补""帮助文章按 id 取单篇""端点与后台站点页面菜单，再谈正文数据源"
"门户-静态页","UserAgreement.vue","长文阅读体验","9 章长文没有任何目录/锚点导航、没有返回顶部、没有章节 id，标题只是连续的 h2；正文段落用普通空格换行拼接（如 5.1/5.2/5.3 挤在一个 p 里）","P3","未修","-",""
"门户-静态页","UserAgreement.vue","顶部面包屑条（布局与重复实现）","与 AboutUs 同源问题：面包屑条 sticky top-0 z-30 会被 sticky 导航（z-50）覆盖，且 markup 与 AboutUs.vue 完全重复","P3","已修","v14.26","面包屑条去掉 sticky（原 z-30 会被全局导航 z-50 覆盖），两页同步"
"门户-工具与其它","NotFoundPage.vue","SEO 与 noindex","页面完全没有 useHead/generateSeo，于是继承 index.html 的 `<meta name=""robots"" content=""index, follow"">`；router 里声明的 meta.robots='noindex,follow' 从未被渲染（全局守卫只设置 document.title，没有任何地方读 meta.robots）","P2","已修","v14.57","404 页：补 useHead 输出 robots=noindex,follow（原先继承 index.html 的 index,follow，404 会被索引）"
"门户-工具与其它","NotFoundPage.vue","快捷链接（登录/注册）","「登录」「注册」入口对已登录用户也无条件展示；已登录用户点击会被路由守卫直接重定向回首页","P3","未修","-",""
"门户-工具与其它","NotFoundPage.vue","出口文案与返回入口","主按钮「搜索文章」与快捷区的「发现」指向同一 /search 却用了两个名字（搜索页实际是站内综合搜索，SearchPage.vue 用的是 SearchPage 标题），且整页没有「返回上一页」","P3","未修","-",""
"门户-工具与其它","NotFoundPage.vue","无障碍（装饰元素）","😵 emoji 作为纯装饰放在动画容器里，没有 aria-hidden，也没有 role/aria 标注","P3","未修","-",""
"门户-工具与其它","NotFoundPage.vue","布局与全局出口","404 页被列入 App.vue 的 noLayoutRoutes，因此不渲染导航与页脚（与 login/register 同组），整页只有站内 4 个链接","P3","未修","-",""
"门户-工具与其它","NotFoundPage.vue","接口契约（A 维度）","本页不调用任何后端接口，无路径变量/参数/分页/返回值契约问题，也不需要登录态 —— 判定 ok（N/A）","P3","未修","-",""
"门户-学习工具","PracticeCenterPage.vue","练习模式卡片（三种模式 + HOT/NEW 徽标）","三个模式卡片（名称/描述/路径/图标/渐变/HOT、NEW 徽标）全部写死在 practiceModules 数组里；后端已有字典 portal_practice_mode（reading=展示阅读 / choice=选择题 / coding=编程题）与匿名字典接口 /portal/dict/{type}、/portal/dict/types，前端 api/dict.ts 也已封装，本页完全未用","P2","已修","v14.29","刷题中心：模式名称改字典 portal_practice_mode 驱动（+本地兜底），移除无后端字段支撑的 HOT/NEW 写死徽标"
"门户-学习工具","PracticeCenterPage.vue","题库阅读卡片文案","卡片名「题库阅读」与目标页自身标题不一致（/learn/questions 的 SEO 标题与面包屑都是「面试题库」），卡描述宣称「直接查看题目、参考答案与解析，适合复习速查」，但该列表页既不渲染答案也不渲染解析（全文件无「答案/解析/content」渲染），答案解析只存在于详情页","P2","已修","v14.57","刷题中心：题库阅读卡片描述改为与列表页实际能力一致（答案/解析在详情页）"
"门户-学习工具","PracticeCenterPage.vue","页头「学习行为均计入成长记录」承诺","页头副标题（同 SEO description）对所有人承诺三种模式的学习行为均计入成长记录，但 /portal/interview/question/{id}/read 与 /question/{id}/submit 都没有 @Anonymous（需登录），而三条练习路由都是 isPublic 游客可进；页面没有任何「登录后计入成长」的提示或登录引导","P2","已修","v14.57","刷题中心：页头承诺补""登录后""（成长上报接口需登录，而三条练习路由对游客开放）"
"门户-学习工具","PracticeCenterPage.vue","卡片交互与路由跳转","卡片是 `<div @click>`，无 role/tabindex/keydown，键盘无法聚焦、右键无法新标签打开；跳转用 router.push('/learn/practice/choice') 这类字符串路径而非命名路由","P3","未修","-",""
"门户-学习工具","PracticeCenterPage.vue","SEO 收录（sitemap）","页面给了 canonicalPath '/learn/practice' 且 isPublic，但 PortalSitemapController 的静态页清单里只有 /reading、/interview、/topics、/columns、/search、/authors、/help、/about、/agreement，没有任何 /learn* 路径","P3","未修","-",""
"门户-学习工具","PracticeCenterPage.vue","接口契约（A 维度）","本页零接口调用（portal.pages.json 无 pages/learn/PracticeCenterPage.vue 条目），因此不存在路径变量数量、ids/id、GET 数组传法、分页参数名（pageNum/pageSize vs current/size）、分页信封（list/total vs records/total）或返回值契约不一致的风险 —— 判定 ok；但数据动态化缺失见本页「练习模式卡片」行","P3","未修","-",""
"后端-支付与资金","WithdrawOrderServiceImpl.java","提现出金渠道选择","出金 mock 的""生产强制关闭""守卫实际无效：PayProperties.init() 用 @PostConstruct 只改已绑定对象的字段，而 MockPayoutChannel 是否装配由 @ConditionalOnProperty(matchIfMissing=true) 在 bean 定义期读 Environment 决定，且 resolvePayoutChannel() 只看 List<PayoutChannel> 与 payout.channel，从不读 isMockEnabled()；叠加 spring.profiles.group.prod=dev 继承 dev 的 payout.mock-enabled=true","P0","已修","v13.71","生产支付/代付 mock 通道 fail-closed"
"后端-支付与资金","WechatPayChannel.java","支付回调验签（mock）","mock 模式的""验签""退化为 sha256(body) 且无任何密钥","P1","已修","v13.71","生产支付/代付 mock 通道 fail-closed"
"后端-支付与资金","PayGatewayImpl.java","支付回调金额校验","handleNotify 只校验 验签→payNo 存在→tradeState=SUCCESS→status=CREATED，PayNotifyMessage 结构里根本没有金额字段，全模块无任何金额比对","P1","已修","v13.71","回调金额校验已落地：parseNotify 提取 amount（微信 total 分→元），handleNotify 不一致即拒绝，未携带则告警留痕"
"后端-支付与资金","WechatPayChannel.java","真实微信通道","真实分支为 todo 骨架，实际调用直接 throw ""真实 API 未启用""，query 与 verifyNotify 均未接线","P1","已修","v13.71","生产支付/代付 mock 通道 fail-closed"
"后端-支付与资金","PayProperties.java / ConfigWiringValidator.java / TokenConfigValidator.java","生产环境判定","三处安全守卫都以""profile 名字面量含 prod/production""为准，profile 名换成 prd/gray/k8s-prod 即全部静默降级为 log.warn 或不生效","P2","已修","v13.71","生产支付/代付 mock 通道 fail-closed"
"后端-安全","VipOnlyAspect.java","@VipOnly 会员门禁","**【v13.72 订正：本条""机制""判定有误】** 原判""异常时 fail-open""不成立——`isDisabledInRegistry` **返回 true 才是绕过付费墙**，异常时它返回 false ⇒ 继续执行权益校验，**对付费墙而言是 fail-closed**（丢掉的只是""后台禁用接口""这个逃生口，属可用性而非越权）。**但""付费墙可被绕过""确有其实，根因不同**：`getUsedCount` 把 **Redis 未命中**当成 0 —— 代码注释自称""Redis 优先、DB 兜底""，实现却只在**异常**时兜底，未命中时直接返回 0 | Redis 被清空/重启/提前淘汰（无持久化或 TTL 设错）时，所有用户本周期已用次数归零 ⇒ **付费额度被无限重置**（付费墙失效）","P1","已订正","v13.72","原判断有误：@VipOnly 返回 false 是**拒绝**而非 fail-open；已在清单/CSV 以【订正】标注"
"后端-安全","PortalLoginController.java","门户注册","register 直接 @RequestBody PortalUser 绑实体（无 @Valid、无 DTO），Mapper 的 <if> 在非空时写入 role/vip_expire_at/is_phone_verified/is_wechat_verified/login_ip/login_date/del_flag；role 仅在为空时被改写","P1","已修","v13.72","注册入参已做白名单清洗（sanitizeRegisterFields）：强制 role=user、清空 vipExpireAt/认证标记/登录信息等"
"后端-安全","HttpNodeExecutor.java / WebhookNodeExecutor.java","AI 工作流 HTTP 节点","裸 new RestTemplate() 抓取可变替换后的 URL，无 scheme 限制、无内网与云元数据地址拦截、无重定向防护","P2","已修","v14.58","AI 工作流 HTTP/Webhook 节点 SSRF 防护：新增 OutboundUrlGuard（协议白名单 http/https + localhost/*.internal/metadata 主机名拦截 + 字面量内网/保留/链路本地/组播地址拦截 + 域名 DNS 解析后逐地址校验），两个执行器发请求前统一调用；配套 OutboundUrlGuardTest 5 个用例（含 169.254.169.254、10/172.16/192.168、100.64/10、240/4、::1、file/gopher 协议）"
"后端-安全","MyBatisConfig.java","分页上限","PaginationInnerInterceptor 注册时未 setMaxLimit，PageUtils 的 100 上限只覆盖部分调用点","P2","已修","v14.58","分页全局上限：PaginationInnerInterceptor.setMaxLimit(100)，原先只有走 PageUtils 的调用点有上限，直接 new Page<>(1, 100000) 仍可整表拉取"
"后端-安全","SecurityConfig.java / PermitAllUrlProperties.java","安全链匹配","(a) 守卫用 startsWith(""/portal/admin/"")，裸路径 /portal/admin 不带斜杠不落核心链，只被门户链 authenticated() 兜住；(b) PermitAllUrlProperties 原样登记类级 @Anonymous 模式、不拼类 @RequestMapping，类级注解实为 no-op","P2","已修","v14.61","安全链匹配：裸路径 /portal/admin（不带斜杠）也纳入核心链（原先只判 startsWith(""/portal/admin/"")，裸路径不落核心链，只被门户链 authenticated() 兜住，鉴权口径不一致）"
"后端-安全","application.yaml / SecurityConfig.java","API 文档暴露面","knife4j.enable 默认 true、knife4j.production 默认 false，且核心链 permitAll 含 /doc.html、/swagger-ui.html、/v3/api-docs/**；knife4j.production 只关增强 UI，原始 OpenAPI 端点仍匿名可读","P2","已修","v14.61","接口文档暴露面：SecurityConfig 的文档端点 permitAll 改为跟随 knife4j.enable 开关（生产 KNIFE4J_ENABLE=false 后文档端点不再匿名放行，回落为已认证可访问）。原说明""设 KNIFE4J_PRODUCTION=true 即可关闭文档""不成立 —— 那只关增强 UI，原始 OpenAPI 端点仍在 permitAll 内"
"后端-AI网关","DataQueryServiceImpl.java / SqlSecurityValidator.java","自然语言转 SQL（后台数据分析）","调用的是 1 参 validateSql ⇒ allowedTables 恒为 null，表白名单整条分支不生效；isLegitimateUnion 的 beforeUnion.matches("".*\\w$"") 对普通查询恒真 ⇒ UNION 检查从不拦截；结果集脱敏在代码中被注释关闭","P2","已修","v14.31","SQL 安全三处失效修复：① 调用方改为传入""本次提供给 AI 的表""作为白名单（原 1 参 validateSql ⇒ 白名单整条分支从未生效），并兼容 CTE 名；② isLegitimateUnion 原 `.*\w$` 恒真 ⇒ UNION 检查形同虚设，改为按注入特征判定（未配对引号/注释符/UNION 后非 SELECT）；③ 结果集脱敏由""整段注释禁用""改为按**严格档**重启（只打码可被值格式自证的 PII，避免原 autoMask 把公司名/职位名等业务名称一起打码）。新增 5 条守卫测试固化（含负例与特征化说明）"
"后端-OJ判题","DockerJudgeEngine.java","隐藏用例保护","失败时无条件回填 failedCaseInput/failedCaseExpected/failedCaseActual，而 ProcessJudgeEngine 有 isSample 守卫并明确注释""隐藏用例是判题资产""；生产默认 engine-type=docker","P1","已修","v13.71","判题沙箱：样例标记、输出读取、超时判定"
"后端-OJ判题","ProcessJudgeEngine.java / DockerJudgeEngine.java","超时控制（TLE）","两个引擎都是先 readAllBytes()（阻塞至 stdout EOF）再 waitFor(timeout)，顺序颠倒；ProcessJudgeEngine:217 注释自称""异步避免死锁""但 readAllBytes 是阻塞读","P1","已修","v13.71","判题沙箱：样例标记、输出读取、超时判定"
"后端-架构与代码","全仓","Controller 分层","55/173 个 Controller 直接引用 *Mapper 绕过 Service；7 个类 >800 行（KnowledgeBaseServiceImpl 2573、VoiceInterviewServiceImpl 2697）；15 个 Controller >300 行（KnowledgeBaseController 746 行 21 端点）","P2","未修","-",""
"后端-架构与代码","AbstractAiSceneHandler.java 等","异常处理","存在字面 catch (Exception ignored) { } 空捕获块（AbstractAiSceneHandler 6 处、AiGatewayService、AiGatewayController、WebSearchTool 等）","P2","未修","-",""
"后端-架构与代码","各 Mapper XML","结果类型","50 处 resultType=""java.util.Map"" 未类型化（SysDashboardStatsMapper 20 处、PortalCreatorMapper 9 处、PortalArticleMapper 7 处、TokenUsageLogMapper 5 处等）","P2","未修","-",""
"后端-架构与代码","PortalGrowthTimelineMapper.xml","命名空间","namespace 声明为 com.moyun.portal.mapper.PortalGrowthLogMapper，与 PortalGrowthLogMapper.xml 完全相同（文件名与实际接口不符）","P2","已修","v14.30","把 selectTimelineVOPage 并入 PortalGrowthLogMapper.xml 并删除命名误导的 PortalGrowthTimelineMapper.xml：同一 namespace 不再跨文件（原 1 处重复 namespace；id 冲突会导致启动即失败）；XML 106 → 105，重复 namespace 1 → 0，471/471 通过且 SQL 在真实库执行无误"
"后端-可观测性","logback-spring.xml","链路追踪 traceId","日志格式串使用 %X{traceId:-NO_TRACE} 并指示运维 grep traceId-xxx，但全仓 1445 个 Java 文件 0 处 MDC 写入","P2","未修","-",""
"后端-可观测性","GlobalExceptionHandler.java / AjaxResult.java","错误响应","code 放在 body，全仓 0 处 @ResponseStatus","P2","已修","v13.76","BusinessException 已由全局处理器呈现其消息"
"后端-可观测性","application-dev.yaml / application-local.yaml","SQL 日志","mybatis log-impl 配为 StdOutImpl，SQL 走 stdout 绕过 logback","P2","已修","v14.61","SQL 日志：dev/local 的 mybatis log-impl 由 StdOutImpl 改为 Slf4jImpl，统一走 logback（原先直写 stdout，无法分级/无法与 traceId 关联/污染容器日志）"
"后端-可观测性","AbstractQuartzJob.java","定时任务日志","sysJobLog.getStartTime().getTime() 在 threadLocal.get() 为 null 时 NPE，实跑中出现数十次","P2","已修","v14.58","定时任务日志 NPE：after() 中 threadLocal.get() 为 null（before 抛异常/未调用）时兜底为当前时间，避免 getStartTime().getTime() 空指针（实跑已出现数十次）"
"后端-代码卫生","全仓","日志与调试输出","6 处 System.out.println；26 处字符串拼接日志；8 处 ASCII banner 日志（""="".repeat(80)）；84 段注释掉的代码（WechatPayChannel 30、OcrServiceImpl 19、AliyunSmsSender 13、FourElementsRealNameVerifier 13）","P2","未修","-",""
"后端-代码卫生","PortalLoginController.java / MockSmsSender.java","敏感信息日志","注册并发冲突时打印未脱敏 phone 与 email（SMS 路径已有 mask()，此处没有）；mock 短信打印明文验证码","P3","未修","-",""
"后端-实体与列","PortalUser.java / LedgerTransaction.java","实体类型","PortalUser.birthday 为 String（列已由 varchar 迁为 date）；LedgerTransaction.transactionTime 为 String（列为 time，同类 transactionDate 已正确用 LocalDate）","P1","已修","v13.72","生日字段类型/格式"
"后端-配置与凭据","application-dev.yaml","提交凭据","spring.mail.password 默认值 MNQ7bDtJX3cn4c7L 是真实 163 SMTP 授权码格式的非空值，文件被 git 跟踪且被复制进 target/classes；同文件第 3 行注释却称""真实 163 授权码已移除并改为空默认""；ConfigWiringValidator 的占位符黑名单不匹配该值；profiles.group.prod=dev 使生产漏配时回落到该值","P1","已修","v13.72","邮件凭据改环境变量（另需人工轮换泄露码）"
"后端-配置与凭据","application.yaml","默认 profile","spring.profiles.active 默认为 dev（含本地库地址与开发口令）","P2","未修","-",""
"数据库","init-sql/moyun-db-ddl.sql","初始化脚本幂等性","0 处 CREATE TABLE IF NOT EXISTS、49 处 DROP TABLE、另有 3 处 TRUNCATE（sys_menu/sys_role_menu/portal_category），脚本无环境守卫","P1","已修","v14.05","初始化脚本开头加""非空库即中断""守卫（哨兵 sys_menu + 故意引用不存在表触发中断），两向实测通过"
"数据库","increment-sql/20260928-03 等","菜单双轨一致性","6 个增量菜单脚本引用现网 id（parent_id=5068/5241），而 moyun-menu-redo.sql 为全新库重编号为 1..406","P1","已修","v13.88","菜单双轨：核对等价行 + 守卫禁止写死 id"
"数据库","init-sql/moyun-db-ddl.sql","目标态表达方式","DDL 内混入 6 条内联 ALTER TABLE（:955、:2925、:4366、:4391、:4396、:4408）","P2","未修","-",""
"数据库","init-sql/moyun-db-ddl.sql","索引完整性","48 个外键语义的 *_id 列无索引（ledger_transaction.category_id、ledger_budget.category_id、ledger_schedule_task.account_id、ledger_category.parent_id、sys_menu.parent_id、sys_user.dept_id、vip_user_card.order_id 等）","P2","未修","-",""
"数据库","init-sql/moyun-db-ddl.sql","日期类型口径","4 个 timestamp 列（ai_knowledge_config_template.created_at/updated_at、ai_knowledge_config.created_at/updated_at），全库仅此 4 处，其余均 datetime","P2","未修","-",""
"数据库","init-sql/moyun-db-ddl.sql","update_time 自动维护","24 张表 update_time 为 DEFAULT NULL（未写 DEFAULT CURRENT_TIMESTAMP，故不违反铁律 15），但全库仅 87 处写了 ON UPDATE CURRENT_TIMESTAMP，口径不齐","P3","未修","-",""
"后台-菜单与入口","admin.menus.json","简历中心菜单","【简历管理】(menuId 24) 下仅""简历模板""一个 C 级菜单；岗位目标(portal_resume_job_target)、岗位匹配报告(portal_resume_job_match)、评分报告(portal_resume_score_report)、用户在线简历(portal_user_resume) 四类数据无任何后台入口","P2","未修","-",""
"后台-菜单与入口","admin.menus.json","测试用例管理","cms/interview/testCase/index.vue 已实现且路由存在（router/index.js:214-218），但菜单树中无任何 testCase 记录","P2","未修","-",""
"后台-菜单与入口","admin.menus.json","面试口径配置","语音面试的难度档位、题量档位、默认时长、连续跳过阈值、无响应时长、报告轮询节奏等在前端写死，后台【面试配置】(menuId 32) 无对应字段","P2","不做","-","属**后台可配置化**需求（语音面试难度/题量/时长等落到【面试配置】），需产品定义字段口径"
"后台-权限指令","moyun-admin-vue/src/views","权限指令覆盖","v-hasPermi 共 276 处但分布不均：ai 模块 23 个视图仅 6 处；v-hasRole 指令存在却 0 处使用","P2","未修","-",""
"后台-代码卫生","moyun-admin-vue","死代码与全表加载","api/examples/app-demo/*.js 零引用；40 个 .vue 未被任何 C 菜单引用（多为弹窗/错误页，monitor/* 已被分组页取代）；cms/interview/company/index.vue 调用无分页的公司列表并前端 includes 过滤","P3","未修","-",""
"全端-质量门","仓库根","CI 与自动执行点","无 .github/、无 Jenkinsfile、无 .gitlab-ci.yml、无 mvnw/.mvn、无 git hooks；21 个守卫测试类无任何自动执行点","P1","已修","v13.73","新增 CI：后端测试 + 三端构建"
"全端-质量门","moyun-server","测试可执行性","mvn -o test 实跑 469 例 / 0 失败 / 30 error / BUILD FAILURE，根因是 application-dev.yaml 默认库名 moyun-db2 不存在；改用 -Dspring.profiles.active=local（指向已存在的 moyun-db）后 23/23 通过","P1","已订正","v13.72","环境相关：测试库名不符属环境配置，已订正"
"全端-质量门","moyun-portal","ESLint","声明了 lint/lint:fix 脚本并安装 eslint + @typescript-eslint/* + eslint-plugin-vue，但全仓无任何 eslint 配置（无 .eslintrc*、无 eslint.config.*、package.json 无 eslintConfig）；实跑报 ""ESLint couldn't find a configuration file""，退出码 -1","P1","已修","v13.73/v14.00","门户 ESLint 接入；v14.00 清零至 0 problems"
"全端-质量门","moyun-portal","类型安全","tsconfig.json 设 strict:false，且 noUnusedLocals/noUnusedParameters/noUncheckedIndexedAccess 全为 false；伴 127 处 :any、65 处 as any、32 处非空断言","P1","已修","v14.56","门户 tsconfig strict:false → true（原报告称""实测 74 个类型错误、需独立工程排期""）。实测 76 个错误/24 文件，全部消除：先修两处系统性根因（utils/date.ts 的 formatDate/formatShortDate/formatRelativeTime 参数放宽为可空 —— 函数体本就判空返回；api/category.ts 的缓存 Promise 返回收敛 null→undefined），再逐文件收窄（ResumeEditPage 用交叉类型把 jobIntention 收窄为非空、Navbar :to/:href 兜底、模板可空访问改 ?.、AuthorPage/AuthorsPage 排序比较器兜底、VoiceInterviewPage computed 泛型与 weakestDimension 显式返回类型等）。最终 vue-tsc -b（strict）0 错误、eslint 0 problems、build 通过、后端 476/476"
"全端-质量门","moyun-admin-vue","类型检查","无 tsconfig.json、无 typescript/vue-tsc 依赖，build:prod 仅 vite build（144 个 .js 中仅 1 个 .ts）","P1","不做","-","后台 vue 端**无 TS 工具链**，引入需新增依赖与 lockfile 变更，属工程改造（未修，非不做）"
"全端-质量门","moyun-portal / moyun-ledger-app","生产构建可复现性","门户 .env.production 的 VITE_SITE_URL 为空，vite.config.ts 在生产构建时抛错 ⇒ 干净检出 npm run build 直接 exit 1；记账 App .env.production 的 VITE_API_BASE_URL=https://api.example.com 且已确认烧进 H5 与小程序产物，request.js 还有 |  | 'http://localhost:8080' 的 fail-open 回落","P1","已订正","v13.72","原判断有误：@VipOnly 返回 false 是**拒绝**而非 fail-open；已在清单/CSV 以【订正】标注"
"全端-质量门","仓库根","部署自动化","无 Dockerfile/docker-compose/nginx.conf/systemd/部署脚本，仅 RuoYi 脚手架的 3 个 .bat；部署依赖散文指南 + 手工填写被 gitignore 的 application-prod.yaml","P2","未修","-",""
"全端-质量门","三端","包管理器一致性","packageManager 固定 pnpm@11.24.0 且 README 指示 pnpm install，但三端提交的是 npm 的 package-lock.json，且 .gitignore 忽略了 pnpm-lock.yaml","P2","未修","-",""
"全端-文档","README.md","版本与脚本清单","根 README 头部写""项目版本 v13.44 / 最后更新 2026-09-28""，版本历史表止于 v13.44，而 devlog 已到 v13.62 —— v13.45~v13.62 共 18 个版本零记载；增量脚本清单列出 23 个，目录实有 31 个，漏掉含 P0 级 AI 绑定链修复的 20260929-04 等 8 个","P2","未修","-",""
"全端-文档","README.md / moyun-menu-redo.sql / 部署指南","菜单与表数计数","README 称""侧边栏 121 条(1..121) + 按钮 275 条=396""，实测 401（22 M + 100 C = 122 侧边栏、279 F）；moyun-menu-redo.sql:17 头注释也写 396(22/99/275)；部署指南 V13.33 写""187 张表 / 107 条菜单 id 1~108""；表数 README 185、开发进度 186、部署指南 187 三方矛盾，实测 185","P2","未修","-",""
"全端-文档","devlog.md / 三轮验证报告","其他计数","devlog 称""107 个 XML … namespace/id 一致性 0 错误""，实测 106 个且存在 1 处重复 namespace；三轮验证报告称""单元测试 20 文件 / 1424 源文件""，实测 62 测试文件 / 1444 源文件","P2","已订正","v14.30","文档计数订正：实测 XML mapper 106 →（合并后）105 个、重复 namespace 1 → 0 处、测试 Java 62 个、main Java 1447 个；此前""107 XML / 20 测试文件 / 1424 源文件""的说法不准确，以本批实测为准"
"全端-仓库卫生","仓库根","大文件与脚手架残留","data/jvector/moyun_ai_vectors.bin（10,091,966 B）被 git 跟踪且未被忽略；另有 17.7MB NotoSansSC.ttf；vite-plugin-trae-solo-badge 以 prodOnly:true 接入门户生产构建（右下角可点击外链 trae.ai）；unplugin-vue-dev-locator 声明零引用；.git 66.2MB","P3","未修","-",""
"全端-仓库卫生","工作区","未提交删除","40 个已跟踪文件处于""已删除未提交""状态（.archive/ 21、.trae/ 13、.feisuan/ 1 等），而这三个目录已被 .gitignore 忽略","P3","未修","-",""
"记账App","moyun-ledger-app","离线与登录态","请求失败仅 toast + reject，无重试/缓存/队列；401 走 logout()+toast 但不导航到登录页；多处空 catch","P2","不做","-","需独立的离线能力设计（重试/缓存/队列 + 401 导航），改动面大，建议单独立项"
"记账App","moyun-ledger-app","金额展示精度","日历热力与组合视图用 JS 浮点累加金额（byDate[d].income += toNum(t.amount)）后用 toFixed(2) 掩盖；portfolio 的 safeSum 亦为浮点 reduce（全 App 无 *100/÷100 违规）","P2","未修","-",""
"记账App","moyun-ledger-app","发布配置","manifest.json 的 appid 为空（mp-weixin.appid 亦空）、urlCheck:false 保留；App.vue 残留 console.log；Pinia userInfo 不持久化；budget 页注释仍称金额为""分""（代码已是元）","P3","未修","-",""
"后端-配置与凭据","application-dev.yaml","产物内含凭据","target/classes/application-dev.yaml 实测含 MAIL_PASSWORD 默认值、MYSQL_PASSWORD:123456、MINIO_ACCESS_KEY:admin123","P2","已修","v13.72","邮件凭据改环境变量（另需人工轮换泄露码）"